Artists,0,1,2,3,4
"(mafuyu \(chibi21\)),((rurudo,gusha s,hiro \(dismaless\),wlop,yoneyama mai,mikami mika)),[[murata range]],",0,1,2,3,4
"naga u,[tyakomes],henreader,baku-p",5,6,7,8,9
"(fagun yibei),berryverrine,saaal653,mihifu,reddizen,tabi \(tabisumika\),naga u,no lineart,",10,11,12,13,14
"unfinished,naga u,nekotoufu,ilya kuvshinov,",15,16,17,18,19
"morino hon,nuu \(nu-nyu\),(harada takehito),",20,21,22,23,24
"((((chibi)))),1 girl,(amaichi esora),zhibuji loom,[WANKE],[ciloranko],[amashiro.natsuki],(rubi-sama))((asanagi)),[[toraishi 666]] [[mvv]] (zuizi),(taitai,chen bin),[sho \(sho lwlw\),chibi,",25,26,27,28,29
"luicent,[ningen mame],sumiyao \(amam\),astg,",30,31,32,33,34
"[[torino]],(as109),[[asanagi]],(torino auqa),saku usako \(rabbit\),[mochizuki kei],(asanagi),",35,36,37,38,39
"kanzakietc,(aono \(f i s\)),sasa onigiri,(na tarapisu153),year 2025,",40,41,42,43,44
"gochisousama \(tanin050\),[[[[[tsukareta san]]]]],[[[[[[[[[[cutesexyrobutts]]]]]]]]]],",45,46,47,48,49
"(((takemori shintarou,harada takehito,cool-kyou shinja))),kojima takeshi,(taketora suzume),[[takeuchi takashi,lambda \(kusowarota\)]],[[[cle masahiro]]],year 2025,",50,51,52,53,54
"[[piyodera mucha]],yamamomo \(plank\),henreader,eufoniuz,year 2025,",55,56,57,58,59
"(eufoniuz),(ogipote),(sy4),[[[sumiyao \(amam\)]]],",60,61,62,63,64
"(henreader),yapo \(croquis side\),satou kuuki,[[asanagi]],[[[[sugoihi]]],[shiokonbu],year 2025,",65,66,67,68,69
"blue-senpai,[[[[[tsukareta san]]]]],[[[[[[[[[aikome \(haikome\)]]]]]]]]],",70,71,72,73,74
"[kurumi \(recycllamo\)],mika pikazo,kazutake hazano,[kedama milk],[ask \(askzy\)],wanke,fujiyama,",75,76,77,78,79
"(yd,satou kuuki),kedama milk,[[[sho \(sho lwlw\)],ke-ta]],year 2025,",80,81,82,83,84
"[kedama milk],ciloranko,ke-ta,Hiten,[ask\(askzy],[nekoda],[As109]",85,86,87,88,89
"[kedama milk],momoco,ke-ta,chen bin,mignon,nekoda,[As109],Happoubi jin,year 2025,",90,91,92,93,94
"[kedama milk],modare,(chen bin),happobi jin,year 2025,",95,96,97,98,99
"((healthyman,modare,atte7kusa,zurikishi)),year 2025,",100,101,102,103,104
"[modare],ciloranko,[ryota \(ry o ta\)]],kedama milk,[[nekoda \(maoda\)]],wlop,year 2025,",105,106,107,108,109
"modare,ask \(askzy\),(Morikura En),(hiten),Rella,banishment,",110,111,112,113,114
"kylin,luicent,duoyuanjun,liduke,wagashi \(dagashiya\),healthyman,shimada fumikane,astg,himura kiseki,ame \(uten cancel\),mikozin,ask \(askzy\),yonchan,modare,",115,116,117,118,119
"(Endou Okito),[as109],[ciloranko],[oyariashito],[[cutesexyrobutts]],",120,121,122,123,124
"((pottsness)),[[onineko]][[as109]],",125,126,127,128,129
"[[tachikawa mushimaro]],kyokko,[[[as109]]],[[[Asanagi]]],kedama milk,[[[[ke-ta]]]]",130,131,132,133,134
"[kedama milk],momoco,ke-ta,40hara,[As109],Torino,ask\(askzy\),ciloranko,[sho \(sho lwlw\)],wlop,[Rella],[omone hokoma agm],year 2025,",135,136,137,138,139
"40hara,pottsness,[[onineko]],[[as109]],[[[kedama milk]]],",140,141,142,143,144
"(amazuyu tatsuki,shiro9jira),mignon,[[as109]],ciloranko,ask \(askzy\),novelace,",145,146,147,148,149
"((shigure ui,tira 27)),",150,151,152,153,154
"(fuzichoco),[[ningen mame]],ciloranko,yd,noyu \(noyu23386566\)",155,156,157,158,159
"[ATDAN],[void 0],[[[[[ogata tei]]]]],year 2025,",160,161,162,163,164
"((ATDAN)),[[hong bai],bigxixi,[allenes]],ask \(askzy\),[chen bin],year 2025,",165,166,167,168,169
"ATDAN,[ningen mame],ask \(askzy\),[hiten \(hitenkei\)],[[sy4]],[[alpha \(alpha91\)]],[[houraku]],[[[fuzichoco]]],[[sencha \(senchat\)]],[[[rei \(sanbonzakura\)]]],[[chen bin]],[wlop],[houkisei],year 2025,",170,171,172,173,174
"((ikeuchi tanuma)),(((((mignon,ATDAN))))),(((((anmi))))),((ogipote)),((sy4)),(hiten \(hitenkei\)),yuno385,[[[[momoko \(momopoco\)]]]],[[[ke-ta]]],",175,176,177,178,179
"Rella,ATDAN,omone hokoma agm,",180,181,182,183,184
"ATDAN,[fuzichoco],mocha \(cotton\),[wlop],[hiten \(hitenkei\)],[ask \(askzy\)],arsenixc,year 2025,",185,186,187,188,189
"[airtist:atdan],[yoneyama mai],",190,191,192,193,194
"((toddler)),henreader,ciloranko,[sho \(sho lwlw\)],[[tianliang duohe fangdongye]],",195,196,197,198,199
"[kedama milk],mika pikazo,(reoen,tianliang duohe fangdongye),[ask \(aakzy\)],[As109],year 2025,",200,201,202,203,204
"yushe quetzalli,ciloranko,",205,206,207,208,209
"(((yoneyama mai))),(ciloranko),zhibuji loom,[[[fuzichoco]]],((rella,konya karasue)),(hagimorijia),wlop,",210,211,212,213,214
"(toosaka asagi),asou \(asabu202\),fuzichoco,ogipote,[[piyodera mucha]],yamamomo \(plank\),year 2025,",215,216,217,218,219
"say hana,[[lam \(ramdayo\)]],[mochizuki kei],[[cierra \(ra-bit\)]],",220,221,222,223,224
"say hana,(sarasadou dan),[[lam \(ramdayo\)]],[mochizuki kei],[[cierra \(ra-bit\)]],",225,226,227,228,229
"(shiina kuro),(ningen mame),",230,231,232,233,234
"((xilmo)), void 0,ciloranko,rei \(sanbonzakura\),[[[fkey,shion \(mirudakemann\)]]],year 2025,",235,236,237,238,239
"(john kafka),(yueko \(jiayue wu\)),",240,241,242,243,244
"dungeon meshi,rurudo,miyuki \(miyuki0529\),konbu wakame,xilmo,wlop,year 2025,",245,246,247,248,249
"[kurumi \(recycllamo\)],[mika pikazo],[ciloranko],kazutake hazano,[kedama milk],[hagi \(ame hagi\)],[ask \(askzy\)],wanke,fujiyama",250,251,252,253,254
"((hitomaru)),[menyoujan,chen bin],[[tsubasa tsubasa]],[[[kedama milk,redrop]]],[[[[[aki99]]]]]",255,256,257,258,259
"(alphonse \(white datura\)),miv4t,[[tianliang duohe fangdongye]],year 2025,",260,261,262,263,264
"alp,(dino \(dinoartforame\),ciloranko),[[[[kuroduki \(pieat\)]]]],[[ask \(askzy\)]],maeda hiroyuki,year 2025,",265,266,267,268,269
"binggong asylum,murata yuusuke,onineko,[As109],[[QYS3]],year 2025,",270,271,272,273,274
"((binggong asylum)),meion,liduke,chen bin,dishwasher1910,",275,276,277,278,279
"[[[[binggong asylum]]]],[[onineko]],",280,281,282,283,284
"((yutoka mizu)),[[suimya]],[[[noco]]],[[[[[[miwano rag]]]]]],",285,286,287,288,289
"rhasta,onineko,potg\(piotegu\),yuuhagi \(amaretto-no-natsu\),bow \(bhp\),doujinshi doujin,",290,291,292,293,294
"tokkyu,chen bin,ask\(askzy\),tidsean,kasumi \(skchkko\),hiten \(hitenkei\),mika pikazo,",295,296,297,298,299
"ogipote,nikorashi-ka,katahira masashi,murakami suigun,touzai\(poppin phl95\),",300,301,302,303,304
"(rolua),[waka\(wk4444\)],[ciloranko],[kedama milk],wanke,mikaze oto,",305,306,307,308,309
"[tachikawa mushimaro],[[hisakata souji]],[[[[ke-ta]]]],year 2025,",310,311,312,313,314
"achiki,au \(d elete\),[hito komoru,tianliang duohe fangdongye],(toosaka asagi),year 2025,",315,316,317,318,319
"miv4t,[[[quasarcake]]],fajyobore ,[[[[[skyrick9413]]]]],[[ask \(askzy\)]],",320,321,322,323,324
"(mochizuki kei),wlop,mikozin,enkyo yuuichirou,tianliang duohe fangdongye,",325,326,327,328,329
"(zunta),ohisashiburi,[[ishikei]],",330,331,332,333,334
"(asakuraf),komota \(kanyou shoujo\) ,konya karasue,(ciloranko,alphonse \(white datura\)),shion \(mirudakemann\),year 2025,",335,336,337,338,339
"tabi \(tabisumika\),yuumei,rella,konya karasue,year 2025,",340,341,342,343,344
"(toosaka asagi),achiki,(rin yuu),",345,346,347,348,349
"((mashiro shiki)),[[gusha s,wanke,yoneyama mai,silvertsuki,hiro \(dismaless\)]],",350,351,352,353,354
"((kawakami masaki,koh rd)),",355,356,357,358,359
"((k-suwabe,OKAZU)),[[hiten]],WANKE,[ciloranko],",360,361,362,363,364
"shion \(mirudakemann\),[hews,sho \(sho lwlw\),ciloranko,alphonse \(white datura\)],",365,366,367,368,369
"(iuui,ajishio,marushin),year 2025,",370,371,372,373,374
"((nardack,(liduke))),ask \(askzy\),",375,376,377,378,379
"chyoel,solar,[kuzuvine],[[dino \(dinoartforame\)]],[[[ciloranko]]],year 2025,",380,381,382,383,384
"tsukareta san,norza,[[takatsuki ichi]],",385,386,387,388,389
"((mignon),(fuzichoco),yd \(orange maru\),noyu \(noyu23386566\)),[[ningen mame]],ciloranko,",390,391,392,393,394
"bbolalus,miyuki \(miyuki0529\),[[[kedama milk]]],rin31153336,",395,396,397,398,399
"[eip pepai,[nekojira,[[rucaco,wlop,ciloranko,[[toosaka asagi]]]]]],year 2025,",400,401,402,403,404
"((miyase mahiro)),[ke-ta],jyt,himitsu \(hi mi tsu 2\),hiten,",405,406,407,408,409
"(((yumenouchi chiharu))),mochizuki kei,[[[[[[rei \(sanbonzakura\)]]]]],",410,411,412,413,414
"7010,[reoen],[yoru nai],((do m kaeru)),[[hizuki yayoi]],[[azuuru]],(maccha \(mochancc\)),(nikaidou kou),year 2025,",415,416,417,418,419
"((kannko bokujou)),[suminagashi],(cierra \(ra-bit\)),xinzoruo,[[mokufuu]],koruri,(saru),[zuizi],year 2025,",420,421,422,423,424
"((djheycha)),(piromizu),[romi \(346 ura\)],((yuuhagi \(amaretto-no-natsu\))),[minaba hideo],((rin yuu)),[[mazjojo]],icomochi,year 2025,",425,426,427,428,429
"(observerz),modare,mikaze oto,[kedama milk],[ask \(askzy\)],ciloranko,ponzu\(catponz\),year 2025",430,431,432,433,434
"((xssh)),(observerz),[kedama milk],[ask \(askzy\)],(mikaze oto),[ciloranko],[ponzu\(catponz\)],year 2025,1girl,",435,436,437,438,439
"((si10ra)),[[gusha s,wanke,yoneyama mai,wlop,silvertsuki,hiro \(dismaless\)]],1girl",440,441,442,443,444
"((hitomaru)),[menyoujan,chen bin],[[tsubasa tsubasa]],[[[kedama milk,redrop,aki99]]],1girl",445,446,447,448,449
"((mountain han)),[[kahlua]],mochizuki kei,[gin00],year 2025,1girl",450,451,452,453,454
"ciloranko,[[[[ame \(uten cancel\)]]]],[[[[muloli \(artist\)]]]],year 2025,1girl,",455,456,457,458,459
"oyari ashito,higeneko,goma satoshi,potetos7,azure \(capriccio\),1girl",460,461,462,463,464
"(konya karasue),modare Rella,banishment,(stu dts),(miv4t),(suzumi \(ccroquette\)),(rei \(sanbonzakura\)),(torino aqua),1girl",465,466,467,468,469
"(Morikura En),Rella,[nanaken nana],u u zan,banishment,stu dts),[miv4t],[[wlop]] ((suzumi \(ccroquette\))),([rei \(sanbonzakura\)]),([torino aqua]),close-up,1girl",470,471,472,473,474
"((gusha s,kyokucho)),(kedama milk,amashiro natsuki),year 2025,AS109,1girl,",475,476,477,478,479
"((((hiro \(dismaless\),kotobuki utage)))),hitomaru,[[Kyokucho,murata range]],year 2025,1girl,close-up",480,481,482,483,484
"[[[[[shpo]]]]],[[[[[[[[[[cutesexyrobutts]]]]]]]]]],1girl",485,486,487,488,489
"[[akakura]],[umishima senbon],((kamitoge supino)),[[gsusart]],joman,kitaku \(nakamachi machi\),[shugao],(mandrill),year 2025,1girl",490,491,492,493,494
"[[kantoku]],[[parsley-f]],[yd \(orange maru\)],(u u zan),komeshiro kasu,[[maett]],(dsmile),fuya \(tempupupu\),year 2025,1girl",495,496,497,498,499
"[[mo \(kireinamo\)]],((maki keigo)),[ningen mame],[maeshima shigeki],(ssambatea),(ebimomo),[[miyoshi yoshimi]],[[azuuru]],year 2025,1girl",500,501,502,503,504
"[[shuri \(84k\)]],[[necomi]],((natsuki teru)),kawacy,[risui \(suzu rks\)],[nakano maru],[dede \(qwea 00000\)],[takitarou],year 2025,1girl",505,506,507,508,509
"[[shuuko \(s h uuko\)]],((mura karuki)),((shacho \(ko no ha\))),((ocha \(popopogg\))),(cutesexyrobutts),[anmi],(kaorihero),[echj],year 2025,1girl",510,511,512,513,514
"[[signalviolet]],(qi7pi),(baocaizi),[[6 \(yuchae\)]],(tobimura),misha \(ohds101\),(op na yarou),(momose \(oqo\)),year 2025,1girl",515,516,517,518,519
"[ashima takumi ],[[ciloranko]],[[wlop]],(misekai 555),(cierra \(ra-bit\)), year 2025,1girl",520,521,522,523,524
"[kita senri],((terrajin)),[[13 \(spice!!\)]],[[tokiwa midori \(kyokutou funamushi\)]],[[phantom ix row]],[tama \(tama-s\)],tenobe,[[203wolves]],year 2025,1girl",525,526,527,528,529
"[matanonki],topia,poprication,((barbarian tk)),(nagishiro mito),[liduke],toosaka asagi,(kazepana),year 2025,1girl",530,531,532,533,534
"[nadegata],[k00s],(namie),[k00s],[[terupancake]],shimhaq,[[tsunako]],[rosuuri],year 2025,1girl",535,536,537,538,539
"[naruse hirofumi],((houkisei)),[[shikimi \(yurakuru\)]],((nekojira)),[sheya],[quan \(kurisu tina\)],[[nyum]],((rkrk)),year 2025,1girl",540,541,542,543,544
"nekojira,pigeon666,ohisashiburi,[agoto,ask\(askzy\)],",545,546,547,548,549
"[popqn],[[hisona \(suaritesumi\)]],syhan,ribiadan,[kitaku \(nakamachi machi\)],[[morino hon]],(10mo),(coyucom),year 2025,1girl",550,551,552,553,554
"[shouu-kun],qosic,[[gearous]],piripun,((colis)),(ponytail korosuke),[[naruse hirofumi]],((hxxg)),year 2025,1girl",555,556,557,558,559
"((deadnooodles)),((atdan)),[hua hua de meme],[re ghotion],[mamuru],hori \(hori no su\),[[kuzuvine]],(sho \(sho lwlw\)),year 2025,1girl",560,561,562,563,564
"((ebimomo)),[wata \(attaka towel\)],[[shnva]],[[deadnooodles]],((saitou naoki)),koi \(koisan\),idkuroi,(ran'ou \(tamago no kimi\)),year 2025,1girl",565,566,567,568,569
"((haru \(hiyori-kohal\))),[[tachibana roku]],[midori foo],(taesi),[[ayu \(mog\)]],milkychu,(ran'ou \(tamago no kimi\)),[djheycha],year 2025,1girl",570,571,572,573,574
"((ikeuchi tanuma)),mamimi(mamamimi),year 2025,1girl",575,576,577,578,579
"((inudori)),gya \(144\),((wanke)),[[clear glass \(mildmild1311\)]],ookuma nekosuke,[[gakky]],[[hajika]],[[deyui]],year 2025,1girl",580,581,582,583,584
"((kisaragi yuu \(fallen sky\))),(ittokyu),((ucmm)),(asatsuki \(fgfff\)),[[hanekoto]],((demizu posuka)),[[sasairebun]],[sofra],year 2025,1girl",585,586,587,588,589
"((mappaninatta)),[waterkuma],((akizero1510)),(kawacy),kujou karasuma,(ru zhai),[tetsurou \(fe+\)],nardack,year 2025,",590,591,592,593,594
"((miv4t)),(shnva),ro g \(oowack\),[[sogawa]],[[ainy]],((azuumori)),[yamakawa],((myabit)),1girl",595,596,597,598,599
"((miyuki ruria)),[[ayu \(mog\)]],[gomzi],(hisakata souji),[nonco],(onono imoko),(m k),((kawacy)),year 2025,1girl",600,601,602,603,604
"((rui \(sugar3\))),[criis-chan],[aochoku],(mamimu \(ko cha 22\)),[[kouji \(campus life\)]],shirokitsune,kemachiku,[hagoonha],year 2025,1girl",605,606,607,608,609
"1girl,(echj),[[haru \(nakajou-28\)]],((shion \(mirudakemann\) )),[[shanyao jiang tororo]],[murata range],[[luke \(dydansgur\)]],suisogenshi,((namori)),year 2025,",610,611,612,613,614
"(fagi \(kakikaki\),shimatani azu,minaba hideo),[yoshida akihiko],((ciloranko)),[[[pigeon666]]],kawacy,((maeka \(kumaekake\))),nardack,year 2025,1girl",615,616,617,618,619
"(fagi \(kakikaki\),shimatani azu,minaba hideo),[yoshida akihiko],[dadijiji\) ],[[[pigeon666]]],kawacy,((maeka \(kumaekake\))),nardack,year 2025,1girl",620,621,622,623,624
"(fagi \(kakikaki\),shimatani azu,minaba hideo),[yoshida akihiko],((yamakawa),kawacy,((maeka \(kumaekake\))),nardack,year 2025,1girl",625,626,627,628,629
"(fagi \(kakikaki\),shimatani azu,minaba hideo),[yoshida akihiko],[sheya],kawacy,((maeka \(kumaekake\))),nardack,year 2025,1girl",630,631,632,633,634
"(henreader),reitou mikan,[yuuka nonoko],appleq,[tsukinami kousuke],(tomozero),((menma \(enaic31\))),[[migolu]],year 2025,1girl",635,636,637,638,639
"(hoojiro),[[turisasu]],[[momiji mao]],[fagi \(kakikaki\)],[[aak]],[yukie \(kusaka shi\)],mamyouda,((miu \(miuuu 721\))),year 2025,1girl",640,641,642,643,644
"(lamb-oic029),((kedama milk)),[rariatto \(ganguri\)],((mochizuki kei)),[norza],keenh,year 2025,1girl",645,646,647,648,649
"(mamimi \(mamamimi\)),huwari \(dnwls3010\),[[m k]],(mozukuzu \(manukedori\)),(asazuki norito),[rune \(dualhart\)],[[hyde \(tabakko\)]],((kamitoge supino)),year 2025,1girl",650,651,652,653,654
"(miyase mahiro),[mendou kusai],((mamuru)),[[hxxg]],reoen,((nikorashi-ka)),[[omone hokoma agm]],((ett)),year 2025,1girl",655,656,657,658,659
"(niichi \(komorebi-palette\)),(shichigatsu),akadako,[[swordsouls]],(sagami jon),(demizu posuka),(sofra),[[sui \(suizilla\)]],year 2025,1girl",660,661,662,663,664
"cogecha,((ciloranko)),[[[Rella]]],[[ask \(askzy\)]],mignon,[popqn], kawacy, minaba hideo,fuya \(tempupupu\),dishwasher1910,year 2025,1girl",665,666,667,668,669
"cogecha,((ciloranko)),[[[Rella]]],[[ask \(askzy\)]],mignon, kawacy,[pigeon666],year 2025,1girl",670,671,672,673,674
"dev \(dev0614\),[onono imoko],[sasairebun],((waterkuma)),migolu,[murata yuusuke],((yoon cook)),((nanoless)),year 2025,1girl",675,676,677,678,679
"kz oji,daizu \(melon-lemon\),(teshima nari),(yukataro),honlo,[zuo daoxing],(icomochi),[[yana mori]],year 2025,1girl",680,681,682,683,684
"massakasama,donguri suzume,naga u,shashaki,donguri suzume,ergot,fkey,ohisashiburi,year 2025,1girl",685,686,687,688,689
"nekoya \(liu\),(ask \(askzy\)),[6 \(yuchae\)],(nekoume),[[kawacy]],(yajuu),((rune \(dualhart\))),[starshadowmagician],year 2025,1girl",690,691,692,693,694
"piromizu,[kaede \(sayappa\)],reoen,sencha \(senchat\),[dishwasher1910],[[ask \(askzy\)]],[[As109]],(damda),1girl",695,696,697,698,699
"saiguchi otoufu,[refeia],(whoosaku),[nadegata],(hito komoru),[[anmi]],[[reddizen]],((necomi)),year 2025,1girl",700,701,702,703,704
"sigm@,[[katsuobushi \(eba games\)]],(amezawa koma),[uenomigi],(qosic),((kim eb)),(e.o.),(ini \(inunabe00\)),year 2025,1girl",705,706,707,708,709
"tunamayo \(dsasd751\),[[cocozasa]],mr.lime,[ido \(teketeke\)],((jyt)),[[toosaka asagi]],((mochizuki shiina)),(kame \(kamepan44231\)),year 2025,1girl",710,711,712,713,714
"yunamaro,fuzichoco,nekotoufu,rinotuna,rariatto \(ganguri\),xinzoruo,hekiga \(freelot\),fuya \(tempupupu\),year 2025,1girl,",715,716,717,718,719
"kokaki mumose,tianliang duohe fangdongye,risui \(suzu rks\),mochirong,sora 72-iro,year 2025,1girl",720,721,722,723,724
"kokaki mumose,tianliang duohe fangdongye,risui \(suzu rks\),mochirong,sora 72-iro,jill 07km,houkisei,year 2025,1girl",725,726,727,728,729
"[[tianliang duohe fangdongye]],((mikozin)),(((daizu))),[[[kani-biimu]]],[[matanukinuki]],[kanikama],1girl,",730,731,732,733,734
"[qys3],[sincos],Mika,[As109],1girl",735,736,737,738,739
"[yoneyama mai],hxxg,1girl",740,741,742,743,744
"[modare],(kouyafu),gawako,ciloranko,ogipote,1girl,",745,746,747,748,749
"[yumenouchi chiharu],sakura \(39ra\),(naga u,tyakomes),henreader,baku-p,daizu \(melon-lemon\),year 2025,1girl",750,751,752,753,754
"(((((healthyman)))))::((((iuui)))),((atte nanakusa)),(((wagashi \(dagashiya\)))),((quasarcake)),(((loliconder))),(((((tianliang duohe fangdongye)))))::((((meinoss)))),((onono imoko)),1girl",755,756,757,758,759
"((minaba hideo)),[watao],1girl",760,761,762,763,764
"((miyuki \(miyuki0529\))),(((nekonyan))),1girl,",765,766,767,768,769
"((miyuki \(miyuki0529\))),(((x))),(band-width),[[e10]],1girl",770,771,772,773,774
"((miyuki \(miyuki0529\))),((tooo)),1girl",775,776,777,778,779
"((tamanoi peromekuri)),[color scheme:onono imoko],1girl",780,781,782,783,784
"1girl,((ciloranko,rella)),mx2j,((((ask \(askzy\))))),kobuichi,(atdan),(((torino aqua))),tinker bell,ningen mame,[[[kedama milk]]],(necomi),anmi,wanke,wasabi \(sekai\),ru zhai,fujiyama,dsmile,narduck,hiten \(hitenkei\),modare],[[fuzichoco]],[[[[mignon,kimishima ao]]]],",785,786,787,788,789
"((Ishike)),[Mizumizuni],[[kankan33333]],kedama milk,(muk monsieur),(onono imoko,fkey],1girl",790,791,792,793,794
"((suitenan,miraa \(chikurin\))),isshi pyuma,s16xue,kase daiki,meion,1girl",795,796,797,798,799
"gomzi,hiten,na tarapisu153,1girl",800,801,802,803,804
"(simao \(x x36131422\)),sorairo len,toshizou \(0714\),icomochi,1girl",805,806,807,808,809
"(toshizou \(0714\)),[[jyt]],[[misaka 12003-gou]],1girl",810,811,812,813,814
"(hitomaru),[sy4,dango \(uni 520\)],[[nagishiro mito]],[[[[Ishikei]]]],1girl",815,816,817,818,819
"(hitomaru),[sy4,dango \(uni 520\)],year 2025,1girl,",820,821,822,823,824
"1girl,(Kyokucho),((hiro \(dismaless\),yoneyama mai,tianliang duohe fangdongye)),hitomaru,[onono imoko],",825,826,827,828,829
"(remsrar),[[cogecha]],[lineart],[[[meyoco]]],year 2025,1girl",830,831,832,833,834
"yuzuna99,(yokochou),[alp,bai lao shu],[[kedama milk,tianliang duohe fangdongye]],year 2025,1girl",835,836,837,838,839
"nopossumachine,[amonitto],1girl",840,841,842,843,844
"[[namie]],aspara,((tabi \(tabisumika\))),[[[[ao+beni]]]],ayul \(ayulneri 92\),(norizc),[yokochou],(((rin31153336))),(((migolu))),sho (sho lwlw),year 2025,",845,846,847,848,849
"incase,deyui,fkey,kedama milk,year 2025,",850,851,852,853,854
"ask\(askzy\),ciloranko,cui \(jidanhaidaitang\),kuzuvine,miv4t,nixeu,",855,856,857,858,859
"[[as109,wlop]],WANKE,[ciloranko],[[hiten]],K-SUWABE,((WANKE)),((mamimi)),\(dnd,fantasy,medieval\),OKAZU,(1girl),solo,cowboy shot,official alternate costume,offcial art",860,861,862,863,864
"[kedama milk],[ask \(askzy\)],wanke,[ATDAN],ciloranko,[[rhasta]],[tidsean],[ke-ta],((chiaroscuro)),[as109]],[sho \(sho lwlw\)]],wlop,",865,866,867,868,869
"(miv4t),((konya karasue)),rella,[[[quasarcake]]],fajyobore ,[[[[[skyrick9413]]]]],[[ask \(askzy\)]],",870,871,872,873,874
"(((happoubi jin))),((gawako,yoneyama mai)),[[sawkm,chen bin,as109,kase daiki,hitomaru]],",875,876,877,878,879
"ru zhai,da mao banlangen,omone hokoma agm,",880,881,882,883,884
"[ciloranko],kazutake hazano,[kedama milk],[ask \(askzy\)],",885,886,887,888,889
"[[ATDAN]],[[zhibuji loom]],[mignon],[[[ask]]],[ciloranko],",890,891,892,893,894
"((choco \(chocolate shop\))),fuzichoco,minaba hideo,",895,896,897,898,899
"((Fuumi)),((Tama)),((Shirabi)),(((Sayori))),(Ichihi),",900,901,902,903,904
"[agm],[as109],",905,906,907,908,909
"[agm],[miv4t],",910,911,912,913,914
"(shoshika8888888),(icomochi),[da mao banlangen],kurarome,",915,916,917,918,919
"[[as109]],[onineko],[[[ke-ta]]],[[alpha \(alpha91\)]],",920,921,922,923,924
"[[shanyao jiang tororo]],[[haneru]],[[himitsu \(hi mi tsu 2\)]],[[onineko]],[[as109]],",925,926,927,928,929
"[[(onineko),chen bin]],",930,931,932,933,934
"asakai mocchinu,monikano,hakaba \(dairiseki\),",935,936,937,938,939
"[[rei\(sanbonzakura\),mika pikazo]],shion\(mirudakemann\),[[cogecha]],ryou\(ryoutarou\),year 2025,",940,941,942,943,944
"[[cogecha]],ryou\(ryoutarou\),year 2025,",945,946,947,948,949
"[[yoneyama mai]],[[cutesexyrobutts]],[[[[ke-ta]]]],year 2025,",950,951,952,953,954
"((zuizi)),taitai,chen bin),[tianliang duohe fangdongye],",955,956,957,958,959
"(shironekoban),(hidulume),meunhongcha,",960,961,962,963,964
"jonylaser,kazuhiro \(tiramisu\),",965,966,967,968,969
"((shengtian,nopetroto)),",970,971,972,973,974
"[onineko],[ke-ta],[[shanyao jiang tororo]],",975,976,977,978,979
"((icomochi)),(namiorii),",980,981,982,983,984
"(icomochi),[darklux],",985,986,987,988,989
"((blue archive official art )),[[[jyt]]],((rotroto)),",990,991,992,993,994
"[jyt],namagome negi,hayana neru,",995,996,997,998,999
"hayana neru,shimejinameko,",1000,1001,1002,1003,1004
"lam \(ramdayo\),mika pikazo,freng,",1005,1006,1007,1008,1009
"[Quetzalli],[miv4t],",1010,1011,1012,1013,1014
"cierra \(ra-bit\),artistask \(askzy\),gomzi,you shimizu,demizu posuka,asakuraf,",1015,1016,1017,1018,1019
"[yushe quetzalli],[onineko],[ciloranko],[neco],",1020,1021,1022,1023,1024
"(qys3),hiten,[ciloranko],[[wlop]],",1025,1026,1027,1028,1029
"[neco],[onineko],[hiten],",1030,1031,1032,1033,1034
"[hiten],[mignon],[riri],[weri],[rurudo],",1035,1036,1037,1038,1039
"sciamano240,(pukara),noah \(tettsui-sole\),(binggong asylum),",1040,1041,1042,1043,1044
"((ke-ta),(onono imoko),OlchaS,ask \(askzy\)),",1045,1046,1047,1048,1049
"(hiten \(hitenkei\)),ciloranko,[[liduke]],[[wlop]],toosaka asagi,ke-ta,[[ask \(askzy\)]],torino,(chen bin),year 2025,",1050,1051,1052,1053,1054
"kidmo,((agoto)),",1055,1056,1057,1058,1059
"[melon22],(((kincora))),yoneyama mai,[alchemaniac],((batako,38)),kunaboto,elun \(meido\),year 2025,",1060,1061,1062,1063,1064
"[yoneyama mai],[mika pikazo],[[ciloranko]],[sho \(sho lwlw\)],",1065,1066,1067,1068,1069
"(minaba hideo),ningen mame,[tianliang duohe fangdongye],rokita,[[bee \(deadflow\)]],mignon,",1070,1071,1072,1073,1074
"(rei \(sanbonzakura\),ciloranko,akizero1510),[as109],lam \(ramdayo\),ningen mame,[ask\(askzy\)],puuzaki puuna,[maccha \(mochancc\)],[wlop],[henreader],",1075,1076,1077,1078,1079
"[akizero1510],kakure eria,rei \(sanbonzakura\),mochi \(circle rin\),karasu raven,",1080,1081,1082,1083,1084
"ningen mame,[kedama milk],[sho \(sho lwlw\)],[ask \(askzy\)],wanke,[[tianliang duohe fangdongye]],[wlop],kousaki ruri,year 2025,",1085,1086,1087,1088,1089
"(kousaki ruri),ningen mame,fumio \(rsqkr\),[sho \(sho lwlw\)],[ask \(askzy\)],wanke,[[tianliang duohe fangdongye]],[wlop],year 2025,",1090,1091,1092,1093,1094
"[kedama milk],[ask \(askzy\)],wanke,[wlop],(atdan),kousaki ruri,(haneru),(torino aqua),year 2025,",1095,1096,1097,1098,1099
"[kedama milk],mika pikazo,ciloranko,akizero1510,kukka,ask\(askzy\),wlop,[omone hokoma agm],year 2025,",1100,1101,1102,1103,1104
"[ningen mame],mochizuki kei,kedama milk,namie,huanxiang heitu,liduke,year 2025,",1105,1106,1107,1108,1109
"sheya,ask\(askzy\),hoji\(hooooooooji1029\),year 2025,",1110,1111,1112,1113,1114
"[ningen mame],chen bin,omone hokoma agm,kinhasu,rella,konya karasue,fuzichoco,[[[tianliang duohe fangdongye]]],wlop,",1115,1116,1117,1118,1119
"ru zhai,[ningen mame],chen bin,kinhasu,rella,konya karasue,fuzichoco,[[[tianliang duohe fangdongye]]],",1120,1121,1122,1123,1124
"(kousaki ruri),[kedama milk],[ask \(askzy\)],wanke,[ATDAN],ciloranko,[[rhasta]],[tidsean],[ke-ta],[as109]],[sho \(sho lwlw\)]],wlop,year 2025,",1125,1126,1127,1128,1129
"ru zhai,(kousaki ruri),ningen mame,[[momoko\(momopoco\)]],(creayus),kawacy,[[wlop]],year 2025,",1130,1131,1132,1133,1134
"phantom ix row,akakura,beni shake,ningen mame,[[[tianliang duohe fangdongye]]],chen bin,sy4,",1135,1136,1137,1138,1139
"enkyo yuuichirou,infukun,toosaka asagi,kinhasu,[[fuzichoco]],kedama milk,[[wlop]],",1140,1141,1142,1143,1144
"refeia,toi8,yuuji \(and\),[[As109]],ask\(askzy\),ciloranko,year 2025,",1145,1146,1147,1148,1149
"onineko,[ikeuchi tanuma],ningen mame,[[As109]],ask\(askzy\),ciloranko,year 2025,",1150,1151,1152,1153,1154
"ningen mame,[ciloranko],[[binggong asylum]],asakuraf,[[shexyo]],[wlop],year 2025,",1155,1156,1157,1158,1159
"(kousaki ruri),ningen mame,[enkyo yuuichirou],[phantom ix row],ask\(askzy\),[tianliang duohe fangdongye],year 2025,",1160,1161,1162,1163,1164
"phantom ix row,wanke,akakura,[wlop],ciloranko,year 2025,",1165,1166,1167,1168,1169
"Jonpei,[sho \(sho lwlw\)],",1170,1171,1172,1173,1174
"[ciloranko],(((minaba hideo))),(demizu posuka),(shion\(mirudakemann\)),(yoshida akihiko),(ask \(askzy\)),year 2025,",1175,1176,1177,1178,1179
"kaamin \(mariarose753\),milk panda,",1180,1181,1182,1183,1184
"chen bin,icecake,[qizhu],[onineko],[anmi],kedama milk,(wlop),tianliang duohe fangdongye,ke-ta,rei \(sanbonzakura\),",1185,1186,1187,1188,1189
"((quasarcake)),(((ciloranko))),year 2025,",1190,1191,1192,1193,1194
"(((wlop))),(quasarcake),(ningen mame),(osakana \(osakanagazoubot\)),year 2025,",1195,1196,1197,1198,1199
"(((wang xi))),reeh \(yukuri130\),(( wanke)),(( kinta \(distortion\))),((rei \(sanbonzakura\))),[ask \(askzy\)],[[modare]],year 2025,",1200,1201,1202,1203,1204
"Kidmo,reoen,",1205,1206,1207,1208,1209
"zhibuji loom,((rei \(sanbonzakura\))),(( kinta \(distortion\))),(((wang xi))),",1210,1211,1212,1213,1214
"[kedama milk],[ask \(askzy\)],wanke,wlop,[ATDAN],ciloranko,[[rhasta]],[tidsean],[ke-ta],((chiaroscuro)),[as109]],[sho \(sho lwlw\)],",1215,1216,1217,1218,1219
"[ningen mame],[[ciloranko]],[[binggong asylum]],[[omone hokoma agm]],[[[misaki12003]]],[sho \(sho lwlw\)],[[ask \(askzy\)]],[[tianliang duohe fangdongye]],[[rhasta]],",1220,1221,1222,1223,1224
"hougu souji,yonchan,kitada mo,[ask\(askzy\)],[sy4],",1225,1226,1227,1228,1229
"kitada mo,umezawa itte,wenquangua,ask\(askzy\),dokuro deluxe,",1230,1231,1232,1233,1234
"anmi,shanyao jiang tororo,csyday,[ask\(askzy\)],[[rei \(sanbonzakura\)]],year 2025,",1235,1236,1237,1238,1239
"mimoza \(96mimo414\),rei \(sanbonzakura\),mochi \(circle rin\),[rhasta,yonchan,watao],[minaba hideo],",1240,1241,1242,1243,1244
"bacius,fishine,nonco,zhibuji loom,ask\(askzy\),ireading,karasu raven,",1245,1246,1247,1248,1249
"shirable shiki,bacius,sy4,fishine,pigeon666,nonco,zhibuji loom,ask\(askzy\),ireading,karasu raven,",1250,1251,1252,1253,1254
"maiqo,ask\(askzy\),beijuu,simao \(x x36131422\),yoneyama mai,jacknife,",1255,1256,1257,1258,1259
"bukurote,you guo chaocai,yumenouchi chiharu,",1260,1261,1262,1263,1264
"douya \(233\),akizero1510,[lam \(ramdayo\)],fishine,[ask\(askzy\)],puuzaki puuna,karasu raven,[maccha \(mochancc\)],[henreader],",1265,1266,1267,1268,1269
"fenrir \(fenriluuu\),ask\(askzy\),[beijuu],tianliang duohe fangdongye,simao \(x x36131422\),[yoneyama mai],kedama milk,",1270,1271,1272,1273,1274
"minaba hideo,rei \(sanbonzakura\),mika pikazo,[alchemaniac],[[yoneyama mai]],",1275,1276,1277,1278,1279
"timbougami,gorgeous mushroom,kawacy,songjikyo,",1280,1281,1282,1283,1284
"akizero1510,ireading,[alchemaniac],[[[wlop]]],[yaegashi nan],aka kan,",1285,1286,1287,1288,1289
"dm \(dai miao\),songjikyo,[[shisantian]],yamakawa,[kedama milk],ttosom,",1290,1291,1292,1293,1294
"rororogi mogera,[KuroBlood,bukurote],timbougami,[[tianliang duohe fangdongye]],[ideolo],",1295,1296,1297,1298,1299
"nababa,[KuroBlood,sencha \(senchat\)],timbougami,[[maccha \(mochancc\)]],[alchemaniac],",1300,1301,1302,1303,1304
"((butterchalk,pumpkinspicelatte,modare,bee \(deadflow\))),",1305,1306,1307,1308,1309
"ruton-niki,[yoneyama mai],hxxg,",1310,1311,1312,1313,1314
"((deyui,mikozin)),[jyt],40hara,[[gusha s]],((chen bin)),year 2025,",1315,1316,1317,1318,1319
"kaede \(sayappa\),[[wlop]],[[[kase daiki]]],jima,[sheya],[[ciloranko]],[[[toosaka asagi]]],[[[tianliang duohe fangdongye]]],henreader,year 2025,",1320,1321,1322,1323,1324
"akino ell,[memekko],[paraffin],mankai kaika,(miwabe sakura),[miyase mahiro],[[ebihara beniko]],year 2025,",1325,1326,1327,1328,1329
"[tidsean],gomzi ,fajyobore,[wlop,reoen],[[tianliang duohe fangdongye]],[[rhasta]],year 2025,",1330,1331,1332,1333,1334
"[ningen mame],ciloranko,[sho \(sho lwlw\)],[[as109]],wlop,",1335,1336,1337,1338,1339
"[[wlop]],WANKE,[ciloranko],",1340,1341,1342,1343,1344
"(amazuyu tatsuki,shiro9jira),ciloranko,ask \(askzy\),novelace,(wlop,reoen),(alphonse \(white datura\)),miv4t,[[tianliang duohe fangdongye]],year 2025,",1345,1346,1347,1348,1349
"[kedama milk],mika pikazo,(wlop,reoen),happoubi jin,[[As109]],year 2025,",1350,1351,1352,1353,1354
"[kedama milk],(wlop,reoen),[[As109]],",1355,1356,1357,1358,1359
"[kedama milk],mika pikazo,(wlop,reoen),",1360,1361,1362,1363,1364
"[kedama milk],mika pikazo,(wlop,reoen),happobi jin,[[As109]],year 2025,",1365,1366,1367,1368,1369
"wlop,aki99,[[((mochizuki kei)),[[[as109]]],((asakuraf)),shion\(mirudakemann\)]],",1370,1371,1372,1373,1374
"hyperrealistic,ask \(askzy\),[[[wlop]]],",1375,1376,1377,1378,1379
"((((hyperrealistic)))),asciamano240,[[[wlop]]],",1380,1381,1382,1383,1384
"(((gomzi))),[[[[wlop]]]],1girl,",1385,1386,1387,1388,1389
"wlop,[[dino \(dinoartforame\)]],[[[as109]]],ciloranko,1girl",1390,1391,1392,1393,1394
"agm,houkisei,wlop,",1395,1396,1397,1398,1399
"[ZED],[wlop],[AGM],[onineko],",1400,1401,1402,1403,1404
"((carbon12th)),(ayagi daifuku),(alphonse \(white datura\)),wlop,",1405,1406,1407,1408,1409
"(ribiadan),[ciloranko],mikaze oto,[wlop],",1410,1411,1412,1413,1414
"[wlop],ciloranko,[[usashiro mani]],[[[[as109]]]],",1415,1416,1417,1418,1419
"[[((mochizuki kei)),[[[as109,wlop]]],((asakuraf)),shion\(mirudakemann\)]],",1420,1421,1422,1423,1424
"[kedama milk],[mika pikazo],[wlop],ke-ta,[As109],phtharticpaul,year 2025,",1425,1426,1427,1428,1429
"(wlop,reoen),[kedama milk],momoco,ke-ta,40hara,[As109],Torino,ask\(askzy\),ciloranko,[sho \(sho lwlw\)],wlop,[Rella],[omone hokoma agm],",1430,1431,1432,1433,1434
"[kedama milk],[wlop],ke-ta,[ciloranko],[As109],year 2025,",1435,1436,1437,1438,1439
"ask\(askzy\),[[wlop],ciloranko],As109,",1440,1441,1442,1443,1444
"[40hara,kedama milk],mika pikazo,(wlop,reoen),happoubi jin,",1445,1446,1447,1448,1449
"[ningenmame],ciloranko,[[[wlop]]],[[rhasta]],[As109]",1450,1451,1452,1453,1454
"[wlop],[[as109]],Ito Junji,",1455,1456,1457,1458,1459
"[[as109,wlop]],WANKE,ke-ta,akakura,Mika,[ciloranko],[[hiten]],",1460,1461,1462,1463,1464
"(atsuage \(kakinop\)),mika pikazo,(wlop,reoen,tianliang duohe fangdongye),[ask \(askzy\)],[kantoku],year 2025,",1465,1466,1467,1468,1469
"mikaze oto,[kedama milk],[ask \(askzy\)],wanke,wlop,",1470,1471,1472,1473,1474
"(96),[tsujii ruki,sukja,takejun,kawacy,piromizu,rinotuna,zantyarz],wlop,",1475,1476,1477,1478,1479
"chen bin,wlop,[kedama milk],momoco,ke-ta,40hara,[As109],Torino,ask\(askzy\),ciloranko,[sho \(sho lwlw\)],[Rella],[omone hokoma agm],",1480,1481,1482,1483,1484
"(( yoneyama mai)),( ciloranko),[dino \(dinoartforame\)],(saitou natsuki),ayul \(ayulneri 92\),[wlop],fujiyama,year 2025,",1485,1486,1487,1488,1489
"wan ke,[ciloranko],[hiten],[[modare]],[[wlop]],",1490,1491,1492,1493,1494
"[[wlop]],WANKE,[ciloranko],[hiten],",1495,1496,1497,1498,1499
"[mika pikazo],[ciloranko],kazutake hazano,[kedama milk],[ask \(askzy\)],wanke,wlop,fujiyama,year 2025,",1500,1501,1502,1503,1504
"[ciloranko],kazutake hazano,kedama milk,[ask \(askzy\)],wanke,wlop,fujiyama,artisit:yuyu \(yuyuworks\),hiten \(hitenkei\),atrisit:dishwasher1910,",1505,1506,1507,1508,1509
"kazutake hazano,[ciloranko],[kedama milk],[ask \(askzy\)],wanke,wlop,fujiyama,year 2025,",1510,1511,1512,1513,1514
"[kedama milk],mika pikazo,(wlop,reoen,tianliang duohe fangdongye),[ask \(askzy\)],[[As109]],year 2025,",1515,1516,1517,1518,1519
"[kedama milk],mika pikazo,(wlop,reoen,tianliang duohe fangdongye),[ask \(askzy\)],[[kantoku]],year 2025,",1520,1521,1522,1523,1524
"Cogecha,[ningen mame],(wlop),[sho \(sho lwlw\)],",1525,1526,1527,1528,1529
"[ashima takumi],[[ciloranko]],[[wlop]],[[porforever]],(cierra \(ra-bit\)),year 2025,1girl",1530,1531,1532,1533,1534
"((mafuyu)),(((mochi))),[[[wlop]]],1girl",1535,1536,1537,1538,1539
"((mogumo,u u zan,ciloranko,miv4t,wlop)),[[fuzichoco]],((rella)),1girl",1540,1541,1542,1543,1544
"kase daiki,(shuz),[wlop],1girl",1545,1546,1547,1548,1549
"[ningen mame],ciloranko,[sho \(sho lwlw\)],[[tianliang duohe fangdongye]],[[rhasta]]",1550,1551,1552,1553,1554
"[ningen mame],ciloranko,[sho \(sho lwlw\)],[[tianliang duohe fangdongye]],[rhasta],year 2025,",1555,1556,1557,1558,1559
"[ningenmame],ciloranko,[sho\(sho lwlw\)],",1560,1561,1562,1563,1564
"ciloranko,[sho \(sho lwlw\)],[[tianliang duohe fangdongye]],[[rhasta]],",1565,1566,1567,1568,1569
"[ningen mame],ciloranko,[sho \(sho lwlw\)],[saintshiro],[[rhasta]],",1570,1571,1572,1573,1574
"[[ciloranko]],[rhasta],tidsean,[ke-ta],((chiaroscuro)),[sho \(sho lwlw\)]],(ningen mame),",1575,1576,1577,1578,1579
"((toosaka asagi)),[[ningen mame],ciloranko,[sho \(sho lwlw\)],[[tianliang duohe fangdongye]],[rhasta]],",1580,1581,1582,1583,1584
"[ningen mame],ciloranko,[sho \(sho lwlw\)],[[tianliang duohe fangdongye]],[eip \(pepai\)],[rukako],[[[memmo]]],[[[[[hoshi \(snacherubi\)]]]]] ,[[[[[nibiiro shizuka]]]]],year 2025,",1585,1586,1587,1588,1589
"ningen mame,ciloranko,[fuzichoco],[sho \(sho lwlw\)],[tianliang duohe fangdongye],as109,",1590,1591,1592,1593,1594
"[[ningen mame]],ciloranko,noyu \(noyu23386566\),",1595,1596,1597,1598,1599
"ratatatat74,((ciloranko)),[[[Rella]]],[[ask\(askzy\)]],[[harogen pabirion]],",1600,1601,1602,1603,1604
"[[hiten]],[chen bin],[ningen mame],[sho \(sho lwlw\)],[[[tianliang duohe fangdongye]]],",1605,1606,1607,1608,1609
"ningen mame,mika pikazo,(reoen,tianliang duohe fangdongye),[ask \(askzy\)],[kantoku],",1610,1611,1612,1613,1614
"miyuki \(miyuki0529\),potg,rei \(sanbonzakura\),cierra \(ra-bit\),ask \(askzy\),gomzi,you shimizu,[ningen mame],ciloranko,year 2025,",1615,1616,1617,1618,1619
"((kuzuvine)),[[[ciloranko]]],[[dino \(dinoartforame\)]],year 2025,",1620,1621,1622,1623,1624
"[ningen mame,ciloranko,sho \(sho lwlw\),tianliang duohe fangdongye,alphonse \(white datura\),rei \(sanbonzakura\)],",1625,1626,1627,1628,1629
"[[ningen mame]],ciloranko,noyu \(noyu23386566\),morikura en,",1630,1631,1632,1633,1634
"[ningen mame],[ATDAN],ciloranko,[[rhasta]],tidsean,[,[ke-ta],ciloranko,((chiaroscuro)),[sho \(sho lwlw\)]],",1635,1636,1637,1638,1639
"[ningen mame],ciloranko,tianliang duohe fangdongye,atdan,",1640,1641,1642,1643,1644
"[ATDAN],ciloranko,[tidsean],[ke-ta],((chiaroscuro)),[as109]],[sho \(sho lwlw\)]],",1645,1646,1647,1648,1649
"[ningenmame],ciloranko,[sho\(sho lwlw\)],[[tianliang duohe fangdongye]],[[rhasta]],[As109],",1650,1651,1652,1653,1654
"ciloranko,tianliang duohe fangdongye,[[modare]],[sho \(sho lwlw\)],",1655,1656,1657,1658,1659
"modare,ningen mame,[kedama milk],[mika pikazo],(shiroshi \(denpa eshidan\),wlop,tianliang duohe fangdongye),[ask \(askzy\)],[kantoku],year 2025,",1660,1661,1662,1663,1664
"[sho \(sho lwlw\)],ciloranko,((pottsness)),[[onineko]],[[as109]],1girl",1665,1666,1667,1668,1669
"(akakura),(kawacy),(ask\(askzy\)),(onineko),(ciloranko),1girl",1670,1671,1672,1673,1674
"ciloranko,alphonse \(white datura\),ask \(askzy\),gomzi,you shimizu,year 2025,1girl",1675,1676,1677,1678,1679
"kedama milk,rucaco,kanda done,[[chen bin]],[[[[mignon]]]],[ningen mame],[[[[anmi]]]],1girl",1680,1681,1682,1683,1684
"(((shacho \(ko no ha\) ))),[[tianliang duohe fangdouye]],1girl",1685,1686,1687,1688,1689
"[[tianliang duohe fangdongye]],[ningen mame],[[[mignon]]],a chiki,",1690,1691,1692,1693,1694
"rokita,[[xinzoruo,eta,naga u]],ciloranko,ningen mame,[[as109]],",1695,1696,1697,1698,1699
"((ciloranko,akizero1510)),[ask\(askzy\)],kedama milk,parsley-f,[maccha \(mochancc\)],[tianliang duohe fangdongye],[bee \(deadflow\)],(chen bin),[wlop],((henreader)),",1700,1701,1702,1703,1704
"(rella),(ask\(askzy\)),(ningen mame),(ciloranko),(rei\(sanbonzakura\)),",1705,1706,1707,1708,1709
"(((ask\(askzy\),sy4,ciloranko,akizero1510))),",1710,1711,1712,1713,1714
"((chen bin),haneru),observerz,[wlop,nekojira],ciloranko,[sho \(sho lwlw\)],[[noyu \(noyu23386566\)],year 2025,",1715,1716,1717,1718,1719
"[ningen mame],ciloranko,wlop,",1720,1721,1722,1723,1724
"[wlop],ciloranko,year 2025,",1725,1726,1727,1728,1729
"(amazuyu tatsuki,shiro9jira),ciloranko,ask (askzy),(wlop),[[tianliang duohe fangdongye]],year 2025,",1730,1731,1732,1733,1734
"(akakura),kedama milk,ciloranko,[wlop],[[[onono imoko]]],",1735,1736,1737,1738,1739
"ningen mame,rhasta,ask \(askzy\),[wlop],ciloranko,",1740,1741,1742,1743,1744
"[wlop],ciloranko,ask\(askzy\),bison cangshu,(yunsang),[ningenmame],[sho\(sho lwlw\)],[rhasta],year 2025,",1745,1746,1747,1748,1749
"shiratama \(shiratamaco\),[ningen mame],[[tianliang duohe fangdongye]],[shuz],[wlop],kase daiki,",1750,1751,1752,1753,1754
"(((observerz))) ,wanke,mikaze oto,ciloranko,[sho \(sho lwlw\)],wlop,year 2025,",1755,1756,1757,1758,1759
"(atsuage \(kakinop\)) mika pikazo,(wlop,reoen,tianliang duohe fangdongye),[ask \(askzy\)],[kantoku],year 2025,1girl",1760,1761,1762,1763,1764
"[[[wlop]]],[mochizuki kei],ciloranko,shanyao jiang tororo,1girl",1765,1766,1767,1768,1769
"[[[ningen mame]]],miyase mahiro,chen bin,[[[sho \(sho lwlw\)]]],[[[[ogipote]]]],[[[ciloranko]]],[cogecha],[wlop],year 2025,1girl",1770,1771,1772,1773,1774
"hxxg,(pigeon666),[ciloranko,wlop],[ask \(askzy\)],(redi \(rasec asdjh\)),wanke,1girl",1775,1776,1777,1778,1779
"kaede \(sayappa\),[[wlop]],[[[kase daiki]]],jima,[sheya],[[ciloranko]],[[[toosaka asagi]]],[[[tianliang duohe fangdongye]]],henreader,1girl",1780,1781,1782,1783,1784
"kedama milk,((( akarura))),[wlop],[ask \(askzy\)],wanke ,ciloranko,",1785,1786,1787,1788,1789
"(kousaki ruri),[wlop],ciloranko,year 2025,",1790,1791,1792,1793,1794
"shuri \(84k\),ATDAN,chen bin,[ningen mame],[[wlop]],(sarcophage,tsubasa tsubasa,),modare,hiten \(hitenkei\)",1795,1796,1797,1798,1799
"[[wlop]],[ningen mame],[bilibili xiaolu],ciloranko,[[tianliang duohe fangdongye]],[hiten (hitenkei)],[[[bm tol]]],year 2025,",1800,1801,1802,1803,1804
"wlop,40hara,[As109],Torino,ask\(askzy\),ciloranko,[sho \(sho lwlw\)],",1805,1806,1807,1808,1809
"[[kedama milk],ishiyumi,[tianliang duohe fangdongye],poco\(asahi age\),mochizuki kei],",1810,1811,1812,1813,1814
"((ogipote,bm tol)),[[yoneyama mai,ciloranko,blue-senpai,aikome \(haikome\)]],",1815,1816,1817,1818,1819
"[[ttosom]],[shisantian],zuizi,[dino \(dinoartforame\),[fajyobore]],kaneko \(bblogtinhan\),xiujia yihuizi,",1820,1821,1822,1823,1824
"[eip \(pepai\)],[rukako],[[[memmo]]],[[[[[hoshi \(snacherubi\)]]]]],[[[[[nibiiro shizuka]]]]],year 2025,",1825,1826,1827,1828,1829
"[rei \(sanbonzakura\)],sho \(sho lwlw\)],",1830,1831,1832,1833,1834
"tianliang duohe fangdongye,[[[tyakomes,shinapuu]]],",1835,1836,1837,1838,1839
"(rurudo,cogecha,ask \(askzy\)),year 2025,",1840,1841,1842,1843,1844
"(rosumerii),[ciloranko],[[ask \(askzy\)]],",1845,1846,1847,1848,1849
"(shigure ui),[mika pikazo,fuzichoco,tianliang duohe fangdongye,modare,ningen mame],year 2025,",1850,1851,1852,1853,1854
"((kishiyo)),[[ciloranko]],",1855,1856,1857,1858,1859
"hiten,ao+beni,[marumoru],ciloranko,",1860,1861,1862,1863,1864
"(sakura \(39ra\)),[[tyakomes],henreader,baku-p,daizu \(melon-lemon\),naga u,year 2025],",1865,1866,1867,1868,1869
"[[piyodera mucha]],henreader,eufoniuz,year 2025,",1870,1871,1872,1873,1874
"kazutake hazano,ningen mame,[kedama milk],[[wlop]],[[As109]],[[mika pikazo]],",1875,1876,1877,1878,1879
"(tokkyu,beni shake),[ciloranko,gweda,mignon,binggong asylum,happoubi jin],",1880,1881,1882,1883,1884
"kukka,ryou\(ryoutarou\),((kyockcho,alphonse\(white datura\),miyase mahiro,milk panda)),ask\(askzy\),",1885,1886,1887,1888,1889
"mamimi\(mamamimi\),blade \(galaxist\),((fuzichoco,butterchalk,yoshinari you,mika pikazo)),",1890,1891,1892,1893,1894
"((yago8 pp3,rella)),ciloranko,sheya,ishiyumi,fkey,tokkyu,infukun,",1895,1896,1897,1898,1899
"(alphonse\(white datura\),ningen mame,xinzoruo,anmi,demizu posuka),[ikeuchi tanuma],",1900,1901,1902,1903,1904
"(amazuyu tatsuki,hoji\(hooooooooji1029\),ishiyumi),",1905,1906,1907,1908,1909
"(tidsean,kantoku,poco\(asahi age\),yago8 pp3,ningen mame),",1910,1911,1912,1913,1914
"(musashi\(detks\),tomose shunsaku,momoko\(momopoco\),ishiyumi),",1915,1916,1917,1918,1919
"(hoji\(hooooooooji1029\),kedama milk,akizero1510,kinhasu,hisona \(suaritesumi\)),",1920,1921,1922,1923,1924
"(yuuji \(and\),namie,shion\(mirudakemann\),nanase nao,as109,yuuhagi \(amaretto-no-natsu\)),",1925,1926,1927,1928,1929
"(ishikei,ryou\(ryoutarou\),yuuhagi \(amaretto-no-natsu\),refeia,cierra\(ra-bit\)),",1930,1931,1932,1933,1934
"(miyase mahiro,creayus,binggong asylum,demizu posuka,namie,cui \(jidanhaidaitang\)),",1935,1936,1937,1938,1939
"(mandrill,miv4t,rebecca \(keinelove\),missile228,akakura),",1940,1941,1942,1943,1944
"((((nababa)))),(onono imoko),mika pikazo,fkey,(((torino))),(((((suzumi \(ccroquette\))))))),wlop,((((ask \(askzy\))))),[[as109]],((((rei \(sanbonzakura\))))),(mignon),(((jonpei))),[(reoen)),modare,((chiaroscuro)),year 2025",1945,1946,1947,1948,1949
"(kaamin \(mariarose753\),sy4,meito \(maze\),cierra\(ra-bit\),shexyo),",1950,1951,1952,1953,1954
"([[sho \(sho lwlw\),as109]],nanase nao,hisona \(suaritesumi\),qtonagi,katahira masashi,((chen bin))),",1955,1956,1957,1958,1959
"(nixeu,momoko\(momopoco\),yoshinari you,itomugi-kun,fujima takuya),",1960,1961,1962,1963,1964
"(kaamin \(mariarose753\),sy4,meito \(maze\),cierra\(ra-bit\),shexyo,toi8),",1965,1966,1967,1968,1969
"null \(nyanpyoun\),yuuji \(and\),meion,kani biimu,mamimi\(mamamimi\),hiten \(hitenkei\),",1970,1971,1972,1973,1974
"((cui \(jidanhaidaitang\),katahira masashi,tidsean,mika pikazo)),",1975,1976,1977,1978,1979
"tokkyu,fujima takuya,ningen mame,hews,ikeuchi tanuma,",1980,1981,1982,1983,1984
"momoko\(momopoco\),modare,yoneyama mai,nixeu,ask\(askzy\),",1985,1986,1987,1988,1989
"((onineko,amazuyu tatsuki,rebecca \(keinelove\),namie,kaigen 1025)),",1990,1991,1992,1993,1994
"ebifurya,fumio \(rsqkr\),kani biimu,sy4,",1995,1996,1997,1998,1999
"nanashi \(nlo\),ask\(askzy\),yuuji \(and\),phantom ix row,lm7\(op-center\),mamimi \(mamamimi\),",2000,2001,2002,2003,2004
"miv4t,you shimizu,infukun,toi8,ningen mame,sheya,wlop,",2005,2006,2007,2008,2009
"milkychu,hoji\(hooooooooji1029\),yoshinari you,mika pikazo,wlop,",2010,2011,2012,2013,2014
"kaamin \(mariarose753\),milk panda,ask\(askzy\),ikeuchi tanuma,kukka,",2015,2016,2017,2018,2019
"piromizu,kuromiya,sho \(sho lwlw\),infukun,",2020,2021,2022,2023,2024
"fkey,cutesexyrobutts,milk panda,mamimi\(mamamimi\),namie,milkychu,tokkyu,",2025,2026,2027,2028,2029
"beni shake,kukka,alphonse\(white datura\),infukun,mika pikazo,",2030,2031,2032,2033,2034
"hyouuma,wanke,nikorashi-ka,sofra,you shimizu,",2035,2036,2037,2038,2039
"kukka,avogado6,hews,kawacy,sheya,xinzoruo,hyouuma,",2040,2041,2042,2043,2044
"reoen,yago8 pp3,amazuyu tatsuki,phantom ix row,mika pikazo,",2045,2046,2047,2048,2049
"as109,qtonagi,potg\(piotegu\),tony taka,null \(nyanpyoun\),itomugi-kun,",2050,2051,2052,2053,2054
"((shion\(mirudakemann\))),[[misaka 12003-gou,cogecha,anmi,huanxiang heitu,fkey]],",2055,2056,2057,2058,2059
"fuzichoco,amazuyu tatsuki,misaka 12003-gou,kaamin \(mariarose753\),as109,fkey,",2060,2061,2062,2063,2064
"[[nanmokaken,butterchalk]],((yoneyama mai,miyo \(ranthath\),yoshinari you,potg\(piotegu\))),",2065,2066,2067,2068,2069
"huanxiang heitu,tiv,sofra,nanashi \(nlo\),hisona \(suaritesumi\),",2070,2071,2072,2073,2074
"tabi \(tabisumika\),[[[[ao+beni]]]],ayul \(ayulneri 92\),[yokochou],(rin31153336),(migolu),",2075,2076,2077,2078,2079
"kousaki rui,[[daifuku mame \(kageroudt33\)]],chyoel,[[lpip]],koe \(mixpi\),[atdan],kaninn,year 2025,",2080,2081,2082,2083,2084
"Yuzusoft,Senren Banka,",2085,2086,2087,2088,2089
"render,c4d,photo-referenced,((((nendoroid)))),Handmade,3d,",2090,2091,2092,2093,2094
"minimalism,((no lineart)),(((faceless))),simple background,blending,flat color,limited palette,",2095,2096,2097,2098,2099
"(pixel art,Aaron Hain),",2100,2101,2102,2103,2104
"(((pixel art))),((neon palette)),",2105,2106,2107,2108,2109
"((((pixel art)))),[ashima takumi],[[ciloranko]],[[wlop]],cierra \(ra-bit\),[noyu \(noyu23386566\)],",2110,2111,2112,2113,2114
"((ff gradient)),((limited palette)),high contrast,inverted colors,colorful,(Stunning composition),",2115,2116,2117,2118,2119
"portrait,lineart,monochrome,black and white,",2120,2121,2122,2123,2124
"greyscale,monochrome,silent comic,linear hatching,",2125,2126,2127,2128,2129
"(((pixel art))),carpet,chair,indoors,((((isometric)))),light rays,plant,white background,",2130,2131,2132,2133,2134
"((((((lineart)))))),nocolor,",2135,2136,2137,2138,2139
"graphite \(medium\),((monochrome),),paper,art tools in frame,pencil,traditional media,",2140,2141,2142,2143,2144
"((Multiple view)),wlop,[mochizuki kei],",2145,2146,2147,2148,2149
"((quan \(kurisu tina\))),(portrait),upper body,close-up,year 2025,",2150,2151,2152,2153,2154
"[[kamisato ayaka \(genshin\) cosplay]],no humans,[kedama milk],(wlop,reoen),[[As109]],((white cat)),hair ornament,furry,shy,nude,[[chibi]]",2155,2156,2157,2158,2159
