Artists,"solo,cowboy shot,smile,looking at viewer,","shopping mall,indoor,cowboy shot,holding hands,front view,","solo,cowboy shot,halo,front view,street,pedestrian street,holding cup,drinking,drinking straw in mouth,"
"(mafuyu \(chibi21\)),((rurudo,gusha s,hiro \(dismaless\),wlop,yoneyama mai,mikami mika)),[[murata range]],",0,1,2
"naga u,[tyakomes],henreader,baku-p",3,4,5
"(fagun yibei),berryverrine,saaal653,mihifu,reddizen,tabi \(tabisumika\),naga u,no lineart,",6,7,8
"unfinished,naga u,nekotoufu,ilya kuvshinov,",9,10,11
"morino hon,nuu \(nu-nyu\),(harada takehito),",12,13,14
"((((chibi)))),1 girl,(amaichi esora),zhibuji loom,[WANKE],[ciloranko],[amashiro.natsuki],(rubi-sama))((asanagi)),[[toraishi 666]] [[mvv]] (zuizi),(taitai,chen bin),[sho \(sho lwlw\),chibi,",15,16,17
"luicent,[ningen mame],sumiyao \(amam\),astg,",18,19,20
"[[torino]],(as109),[[asanagi]],(torino auqa),saku usako \(rabbit\),[mochizuki kei],(asanagi),",21,22,23
"kanzakietc,(aono \(f i s\)),sasa onigiri,(na tarapisu153),year 2025,",24,25,26
"gochisousama \(tanin050\),[[[[[tsukareta san]]]]],[[[[[[[[[[cutesexyrobutts]]]]]]]]]],",27,28,29
"(((takemori shintarou,harada takehito,cool-kyou shinja))),kojima takeshi,(taketora suzume),[[takeuchi takashi,lambda \(kusowarota\)]],[[[cle masahiro]]],year 2025,",30,31,32
"[[piyodera mucha]],yamamomo \(plank\),henreader,eufoniuz,year 2025,",33,34,35
"(eufoniuz),(ogipote),(sy4),[[[sumiyao \(amam\)]]],",36,37,38
"(henreader),yapo \(croquis side\),satou kuuki,[[asanagi]],[[[[sugoihi]]],[shiokonbu],year 2025,",39,40,41
"blue-senpai,[[[[[tsukareta san]]]]],[[[[[[[[[aikome \(haikome\)]]]]]]]]],",42,43,44
"[kurumi \(recycllamo\)],mika pikazo,kazutake hazano,[kedama milk],[ask \(askzy\)],wanke,fujiyama,",45,46,47
"(yd,satou kuuki),kedama milk,[[[sho \(sho lwlw\)],ke-ta]],year 2025,",48,49,50
"[kedama milk],ciloranko,ke-ta,Hiten,[ask\(askzy],[nekoda],[As109]",51,52,53
"[kedama milk],momoco,ke-ta,chen bin,mignon,nekoda,[As109],Happoubi jin,year 2025,",54,55,56
"[kedama milk],modare,(chen bin),happobi jin,year 2025,",57,58,59
"((healthyman,modare,atte7kusa,zurikishi)),year 2025,",60,61,62
"[modare],ciloranko,[ryota \(ry o ta\)]],kedama milk,[[nekoda \(maoda\)]],wlop,year 2025,",63,64,65
"modare,ask \(askzy\),(Morikura En),(hiten),Rella,banishment,",66,67,68
"kylin,luicent,duoyuanjun,liduke,wagashi \(dagashiya\),healthyman,shimada fumikane,astg,himura kiseki,ame \(uten cancel\),mikozin,ask \(askzy\),yonchan,modare,",69,70,71
"(Endou Okito),[as109],[ciloranko],[oyariashito],[[cutesexyrobutts]],",72,73,74
"((pottsness)),[[onineko]][[as109]],",75,76,77
"[[tachikawa mushimaro]],kyokko,[[[as109]]],[[[Asanagi]]],kedama milk,[[[[ke-ta]]]]",78,79,80
"[kedama milk],momoco,ke-ta,40hara,[As109],Torino,ask\(askzy\),ciloranko,[sho \(sho lwlw\)],wlop,[Rella],[omone hokoma agm],year 2025,",81,82,83
"40hara,pottsness,[[onineko]],[[as109]],[[[kedama milk]]],",84,85,86
"(amazuyu tatsuki,shiro9jira),mignon,[[as109]],ciloranko,ask \(askzy\),novelace,",87,88,89
"((shigure ui,tira 27)),",90,91,92
"(fuzichoco),[[ningen mame]],ciloranko,yd,noyu \(noyu23386566\)",93,94,95
"[ATDAN],[void 0],[[[[[ogata tei]]]]],year 2025,",96,97,98
"((ATDAN)),[[hong bai],bigxixi,[allenes]],ask \(askzy\),[chen bin],year 2025,",99,100,101
"ATDAN,[ningen mame],ask \(askzy\),[hiten \(hitenkei\)],[[sy4]],[[alpha \(alpha91\)]],[[houraku]],[[[fuzichoco]]],[[sencha \(senchat\)]],[[[rei \(sanbonzakura\)]]],[[chen bin]],[wlop],[houkisei],year 2025,",102,103,104
"((ikeuchi tanuma)),(((((mignon,ATDAN))))),(((((anmi))))),((ogipote)),((sy4)),(hiten \(hitenkei\)),yuno385,[[[[momoko \(momopoco\)]]]],[[[ke-ta]]],",105,106,107
"Rella,ATDAN,omone hokoma agm,",108,109,110
"ATDAN,[fuzichoco],mocha \(cotton\),[wlop],[hiten \(hitenkei\)],[ask \(askzy\)],arsenixc,year 2025,",111,112,113
"[airtist:atdan],[yoneyama mai],",114,115,116
"((toddler)),henreader,ciloranko,[sho \(sho lwlw\)],[[tianliang duohe fangdongye]],",117,118,119
"[kedama milk],mika pikazo,(reoen,tianliang duohe fangdongye),[ask \(aakzy\)],[As109],year 2025,",120,121,122
"yushe quetzalli,ciloranko,",123,124,125
"(((yoneyama mai))),(ciloranko),zhibuji loom,[[[fuzichoco]]],((rella,konya karasue)),(hagimorijia),wlop,",126,127,128
"(toosaka asagi),asou \(asabu202\),fuzichoco,ogipote,[[piyodera mucha]],yamamomo \(plank\),year 2025,",129,130,131
"say hana,[[lam \(ramdayo\)]],[mochizuki kei],[[cierra \(ra-bit\)]],",132,133,134
"say hana,(sarasadou dan),[[lam \(ramdayo\)]],[mochizuki kei],[[cierra \(ra-bit\)]],",135,136,137
"(shiina kuro),(ningen mame),",138,139,140
"((xilmo)), void 0,ciloranko,rei \(sanbonzakura\),[[[fkey,shion \(mirudakemann\)]]],year 2025,",141,142,143
"(john kafka),(yueko \(jiayue wu\)),",144,145,146
"dungeon meshi,rurudo,miyuki \(miyuki0529\),konbu wakame,xilmo,wlop,year 2025,",147,148,149
"[kurumi \(recycllamo\)],[mika pikazo],[ciloranko],kazutake hazano,[kedama milk],[hagi \(ame hagi\)],[ask \(askzy\)],wanke,fujiyama",150,151,152
"((hitomaru)),[menyoujan,chen bin],[[tsubasa tsubasa]],[[[kedama milk,redrop]]],[[[[[aki99]]]]]",153,154,155
"(alphonse \(white datura\)),miv4t,[[tianliang duohe fangdongye]],year 2025,",156,157,158
"alp,(dino \(dinoartforame\),ciloranko),[[[[kuroduki \(pieat\)]]]],[[ask \(askzy\)]],maeda hiroyuki,year 2025,",159,160,161
"binggong asylum,murata yuusuke,onineko,[As109],[[QYS3]],year 2025,",162,163,164
"((binggong asylum)),meion,liduke,chen bin,dishwasher1910,",165,166,167
"[[[[binggong asylum]]]],[[onineko]],",168,169,170
"((yutoka mizu)),[[suimya]],[[[noco]]],[[[[[[miwano rag]]]]]],",171,172,173
"rhasta,onineko,potg\(piotegu\),yuuhagi \(amaretto-no-natsu\),bow \(bhp\),doujinshi doujin,",174,175,176
"tokkyu,chen bin,ask\(askzy\),tidsean,kasumi \(skchkko\),hiten \(hitenkei\),mika pikazo,",177,178,179
"ogipote,nikorashi-ka,katahira masashi,murakami suigun,touzai\(poppin phl95\),",180,181,182
"(rolua),[waka\(wk4444\)],[ciloranko],[kedama milk],wanke,mikaze oto,",183,184,185
"[tachikawa mushimaro],[[hisakata souji]],[[[[ke-ta]]]],year 2025,",186,187,188
"achiki,au \(d elete\),[hito komoru,tianliang duohe fangdongye],(toosaka asagi),year 2025,",189,190,191
"miv4t,[[[quasarcake]]],fajyobore ,[[[[[skyrick9413]]]]],[[ask \(askzy\)]],",192,193,194
"(mochizuki kei),wlop,mikozin,enkyo yuuichirou,tianliang duohe fangdongye,",195,196,197
"(zunta),ohisashiburi,[[ishikei]],",198,199,200
"(asakuraf),komota \(kanyou shoujo\) ,konya karasue,(ciloranko,alphonse \(white datura\)),shion \(mirudakemann\),year 2025,",201,202,203
"tabi \(tabisumika\),yuumei,rella,konya karasue,year 2025,",204,205,206
"(toosaka asagi),achiki,(rin yuu),",207,208,209
"((mashiro shiki)),[[gusha s,wanke,yoneyama mai,silvertsuki,hiro \(dismaless\)]],",210,211,212
"((kawakami masaki,koh rd)),",213,214,215
"((k-suwabe,OKAZU)),[[hiten]],WANKE,[ciloranko],",216,217,218
"shion \(mirudakemann\),[hews,sho \(sho lwlw\),ciloranko,alphonse \(white datura\)],",219,220,221
"(iuui,ajishio,marushin),year 2025,",222,223,224
"((nardack,(liduke))),ask \(askzy\),",225,226,227
"chyoel,solar,[kuzuvine],[[dino \(dinoartforame\)]],[[[ciloranko]]],year 2025,",228,229,230
"tsukareta san,norza,[[takatsuki ichi]],",231,232,233
"((mignon),(fuzichoco),yd \(orange maru\),noyu \(noyu23386566\)),[[ningen mame]],ciloranko,",234,235,236
"bbolalus,miyuki \(miyuki0529\),[[[kedama milk]]],rin31153336,",237,238,239
"[eip pepai,[nekojira,[[rucaco,wlop,ciloranko,[[toosaka asagi]]]]]],year 2025,",240,241,242
"((miyase mahiro)),[ke-ta],jyt,himitsu \(hi mi tsu 2\),hiten,",243,244,245
"(((yumenouchi chiharu))),mochizuki kei,[[[[[[rei \(sanbonzakura\)]]]]],",246,247,248
"7010,[reoen],[yoru nai],((do m kaeru)),[[hizuki yayoi]],[[azuuru]],(maccha \(mochancc\)),(nikaidou kou),year 2025,",249,250,251
"((kannko bokujou)),[suminagashi],(cierra \(ra-bit\)),xinzoruo,[[mokufuu]],koruri,(saru),[zuizi],year 2025,",252,253,254
"((djheycha)),(piromizu),[romi \(346 ura\)],((yuuhagi \(amaretto-no-natsu\))),[minaba hideo],((rin yuu)),[[mazjojo]],icomochi,year 2025,",255,256,257
"(observerz),modare,mikaze oto,[kedama milk],[ask \(askzy\)],ciloranko,ponzu\(catponz\),year 2025",258,259,260
"((xssh)),(observerz),[kedama milk],[ask \(askzy\)],(mikaze oto),[ciloranko],[ponzu\(catponz\)],year 2025,1girl,",261,262,263
"((si10ra)),[[gusha s,wanke,yoneyama mai,wlop,silvertsuki,hiro \(dismaless\)]],1girl",264,265,266
"((hitomaru)),[menyoujan,chen bin],[[tsubasa tsubasa]],[[[kedama milk,redrop,aki99]]],1girl",267,268,269
"((mountain han)),[[kahlua]],mochizuki kei,[gin00],year 2025,1girl",270,271,272
"ciloranko,[[[[ame \(uten cancel\)]]]],[[[[muloli \(artist\)]]]],year 2025,1girl,",273,274,275
"oyari ashito,higeneko,goma satoshi,potetos7,azure \(capriccio\),1girl",276,277,278
"(konya karasue),modare Rella,banishment,(stu dts),(miv4t),(suzumi \(ccroquette\)),(rei \(sanbonzakura\)),(torino aqua),1girl",279,280,281
"(Morikura En),Rella,[nanaken nana],u u zan,banishment,stu dts),[miv4t],[[wlop]] ((suzumi \(ccroquette\))),([rei \(sanbonzakura\)]),([torino aqua]),close-up,1girl",282,283,284
"((gusha s,kyokucho)),(kedama milk,amashiro natsuki),year 2025,AS109,1girl,",285,286,287
"((((hiro \(dismaless\),kotobuki utage)))),hitomaru,[[Kyokucho,murata range]],year 2025,1girl,close-up",288,289,290
"[[[[[shpo]]]]],[[[[[[[[[[cutesexyrobutts]]]]]]]]]],1girl",291,292,293
"[[akakura]],[umishima senbon],((kamitoge supino)),[[gsusart]],joman,kitaku \(nakamachi machi\),[shugao],(mandrill),year 2025,1girl",294,295,296
"[[kantoku]],[[parsley-f]],[yd \(orange maru\)],(u u zan),komeshiro kasu,[[maett]],(dsmile),fuya \(tempupupu\),year 2025,1girl",297,298,299
"[[mo \(kireinamo\)]],((maki keigo)),[ningen mame],[maeshima shigeki],(ssambatea),(ebimomo),[[miyoshi yoshimi]],[[azuuru]],year 2025,1girl",300,301,302
"[[shuri \(84k\)]],[[necomi]],((natsuki teru)),kawacy,[risui \(suzu rks\)],[nakano maru],[dede \(qwea 00000\)],[takitarou],year 2025,1girl",303,304,305
"[[shuuko \(s h uuko\)]],((mura karuki)),((shacho \(ko no ha\))),((ocha \(popopogg\))),(cutesexyrobutts),[anmi],(kaorihero),[echj],year 2025,1girl",306,307,308
"[[signalviolet]],(qi7pi),(baocaizi),[[6 \(yuchae\)]],(tobimura),misha \(ohds101\),(op na yarou),(momose \(oqo\)),year 2025,1girl",309,310,311
"[ashima takumi ],[[ciloranko]],[[wlop]],(misekai 555),(cierra \(ra-bit\)), year 2025,1girl",312,313,314
"[kita senri],((terrajin)),[[13 \(spice!!\)]],[[tokiwa midori \(kyokutou funamushi\)]],[[phantom ix row]],[tama \(tama-s\)],tenobe,[[203wolves]],year 2025,1girl",315,316,317
"[matanonki],topia,poprication,((barbarian tk)),(nagishiro mito),[liduke],toosaka asagi,(kazepana),year 2025,1girl",318,319,320
"[nadegata],[k00s],(namie),[k00s],[[terupancake]],shimhaq,[[tsunako]],[rosuuri],year 2025,1girl",321,322,323
"[naruse hirofumi],((houkisei)),[[shikimi \(yurakuru\)]],((nekojira)),[sheya],[quan \(kurisu tina\)],[[nyum]],((rkrk)),year 2025,1girl",324,325,326
"nekojira,pigeon666,ohisashiburi,[agoto,ask\(askzy\)],",327,328,329
"[popqn],[[hisona \(suaritesumi\)]],syhan,ribiadan,[kitaku \(nakamachi machi\)],[[morino hon]],(10mo),(coyucom),year 2025,1girl",330,331,332
"[shouu-kun],qosic,[[gearous]],piripun,((colis)),(ponytail korosuke),[[naruse hirofumi]],((hxxg)),year 2025,1girl",333,334,335
"((deadnooodles)),((atdan)),[hua hua de meme],[re ghotion],[mamuru],hori \(hori no su\),[[kuzuvine]],(sho \(sho lwlw\)),year 2025,1girl",336,337,338
"((ebimomo)),[wata \(attaka towel\)],[[shnva]],[[deadnooodles]],((saitou naoki)),koi \(koisan\),idkuroi,(ran'ou \(tamago no kimi\)),year 2025,1girl",339,340,341
"((haru \(hiyori-kohal\))),[[tachibana roku]],[midori foo],(taesi),[[ayu \(mog\)]],milkychu,(ran'ou \(tamago no kimi\)),[djheycha],year 2025,1girl",342,343,344
"((ikeuchi tanuma)),mamimi(mamamimi),year 2025,1girl",345,346,347
"((inudori)),gya \(144\),((wanke)),[[clear glass \(mildmild1311\)]],ookuma nekosuke,[[gakky]],[[hajika]],[[deyui]],year 2025,1girl",348,349,350
"((kisaragi yuu \(fallen sky\))),(ittokyu),((ucmm)),(asatsuki \(fgfff\)),[[hanekoto]],((demizu posuka)),[[sasairebun]],[sofra],year 2025,1girl",351,352,353
"((mappaninatta)),[waterkuma],((akizero1510)),(kawacy),kujou karasuma,(ru zhai),[tetsurou \(fe+\)],nardack,year 2025,",354,355,356
"((miv4t)),(shnva),ro g \(oowack\),[[sogawa]],[[ainy]],((azuumori)),[yamakawa],((myabit)),1girl",357,358,359
"((miyuki ruria)),[[ayu \(mog\)]],[gomzi],(hisakata souji),[nonco],(onono imoko),(m k),((kawacy)),year 2025,1girl",360,361,362
"((rui \(sugar3\))),[criis-chan],[aochoku],(mamimu \(ko cha 22\)),[[kouji \(campus life\)]],shirokitsune,kemachiku,[hagoonha],year 2025,1girl",363,364,365
"1girl,(echj),[[haru \(nakajou-28\)]],((shion \(mirudakemann\) )),[[shanyao jiang tororo]],[murata range],[[luke \(dydansgur\)]],suisogenshi,((namori)),year 2025,",366,367,368
"(fagi \(kakikaki\),shimatani azu,minaba hideo),[yoshida akihiko],((ciloranko)),[[[pigeon666]]],kawacy,((maeka \(kumaekake\))),nardack,year 2025,1girl",369,370,371
"(fagi \(kakikaki\),shimatani azu,minaba hideo),[yoshida akihiko],[dadijiji\) ],[[[pigeon666]]],kawacy,((maeka \(kumaekake\))),nardack,year 2025,1girl",372,373,374
"(fagi \(kakikaki\),shimatani azu,minaba hideo),[yoshida akihiko],((yamakawa),kawacy,((maeka \(kumaekake\))),nardack,year 2025,1girl",375,376,377
"(fagi \(kakikaki\),shimatani azu,minaba hideo),[yoshida akihiko],[sheya],kawacy,((maeka \(kumaekake\))),nardack,year 2025,1girl",378,379,380
"(henreader),reitou mikan,[yuuka nonoko],appleq,[tsukinami kousuke],(tomozero),((menma \(enaic31\))),[[migolu]],year 2025,1girl",381,382,383
"(hoojiro),[[turisasu]],[[momiji mao]],[fagi \(kakikaki\)],[[aak]],[yukie \(kusaka shi\)],mamyouda,((miu \(miuuu 721\))),year 2025,1girl",384,385,386
"(lamb-oic029),((kedama milk)),[rariatto \(ganguri\)],((mochizuki kei)),[norza],keenh,year 2025,1girl",387,388,389
"(mamimi \(mamamimi\)),huwari \(dnwls3010\),[[m k]],(mozukuzu \(manukedori\)),(asazuki norito),[rune \(dualhart\)],[[hyde \(tabakko\)]],((kamitoge supino)),year 2025,1girl",390,391,392
"(miyase mahiro),[mendou kusai],((mamuru)),[[hxxg]],reoen,((nikorashi-ka)),[[omone hokoma agm]],((ett)),year 2025,1girl",393,394,395
"(niichi \(komorebi-palette\)),(shichigatsu),akadako,[[swordsouls]],(sagami jon),(demizu posuka),(sofra),[[sui \(suizilla\)]],year 2025,1girl",396,397,398
"cogecha,((ciloranko)),[[[Rella]]],[[ask \(askzy\)]],mignon,[popqn], kawacy, minaba hideo,fuya \(tempupupu\),dishwasher1910,year 2025,1girl",399,400,401
"cogecha,((ciloranko)),[[[Rella]]],[[ask \(askzy\)]],mignon, kawacy,[pigeon666],year 2025,1girl",402,403,404
"dev \(dev0614\),[onono imoko],[sasairebun],((waterkuma)),migolu,[murata yuusuke],((yoon cook)),((nanoless)),year 2025,1girl",405,406,407
"kz oji,daizu \(melon-lemon\),(teshima nari),(yukataro),honlo,[zuo daoxing],(icomochi),[[yana mori]],year 2025,1girl",408,409,410
"massakasama,donguri suzume,naga u,shashaki,donguri suzume,ergot,fkey,ohisashiburi,year 2025,1girl",411,412,413
"nekoya \(liu\),(ask \(askzy\)),[6 \(yuchae\)],(nekoume),[[kawacy]],(yajuu),((rune \(dualhart\))),[starshadowmagician],year 2025,1girl",414,415,416
"piromizu,[kaede \(sayappa\)],reoen,sencha \(senchat\),[dishwasher1910],[[ask \(askzy\)]],[[As109]],(damda),1girl",417,418,419
"saiguchi otoufu,[refeia],(whoosaku),[nadegata],(hito komoru),[[anmi]],[[reddizen]],((necomi)),year 2025,1girl",420,421,422
"sigm@,[[katsuobushi \(eba games\)]],(amezawa koma),[uenomigi],(qosic),((kim eb)),(e.o.),(ini \(inunabe00\)),year 2025,1girl",423,424,425
"tunamayo \(dsasd751\),[[cocozasa]],mr.lime,[ido \(teketeke\)],((jyt)),[[toosaka asagi]],((mochizuki shiina)),(kame \(kamepan44231\)),year 2025,1girl",426,427,428
"yunamaro,fuzichoco,nekotoufu,rinotuna,rariatto \(ganguri\),xinzoruo,hekiga \(freelot\),fuya \(tempupupu\),year 2025,1girl,",429,430,431
"kokaki mumose,tianliang duohe fangdongye,risui \(suzu rks\),mochirong,sora 72-iro,year 2025,1girl",432,433,434
"kokaki mumose,tianliang duohe fangdongye,risui \(suzu rks\),mochirong,sora 72-iro,jill 07km,houkisei,year 2025,1girl",435,436,437
"[[tianliang duohe fangdongye]],((mikozin)),(((daizu))),[[[kani-biimu]]],[[matanukinuki]],[kanikama],1girl,",438,439,440
"[qys3],[sincos],Mika,[As109],1girl",441,442,443
"[yoneyama mai],hxxg,1girl",444,445,446
"[modare],(kouyafu),gawako,ciloranko,ogipote,1girl,",447,448,449
"[yumenouchi chiharu],sakura \(39ra\),(naga u,tyakomes),henreader,baku-p,daizu \(melon-lemon\),year 2025,1girl",450,451,452
"(((((healthyman)))))::((((iuui)))),((atte nanakusa)),(((wagashi \(dagashiya\)))),((quasarcake)),(((loliconder))),(((((tianliang duohe fangdongye)))))::((((meinoss)))),((onono imoko)),1girl",453,454,455
"((minaba hideo)),[watao],1girl",456,457,458
"((miyuki \(miyuki0529\))),(((nekonyan))),1girl,",459,460,461
"((miyuki \(miyuki0529\))),(((x))),(band-width),[[e10]],1girl",462,463,464
"((miyuki \(miyuki0529\))),((tooo)),1girl",465,466,467
"((tamanoi peromekuri)),[color scheme:onono imoko],1girl",468,469,470
"1girl,((ciloranko,rella)),mx2j,((((ask \(askzy\))))),kobuichi,(atdan),(((torino aqua))),tinker bell,ningen mame,[[[kedama milk]]],(necomi),anmi,wanke,wasabi \(sekai\),ru zhai,fujiyama,dsmile,narduck,hiten \(hitenkei\),modare],[[fuzichoco]],[[[[mignon,kimishima ao]]]],",471,472,473
"((Ishike)),[Mizumizuni],[[kankan33333]],kedama milk,(muk monsieur),(onono imoko,fkey],1girl",474,475,476
"((suitenan,miraa \(chikurin\))),isshi pyuma,s16xue,kase daiki,meion,1girl",477,478,479
"gomzi,hiten,na tarapisu153,1girl",480,481,482
"(simao \(x x36131422\)),sorairo len,toshizou \(0714\),icomochi,1girl",483,484,485
"(toshizou \(0714\)),[[jyt]],[[misaka 12003-gou]],1girl",486,487,488
"(hitomaru),[sy4,dango \(uni 520\)],[[nagishiro mito]],[[[[Ishikei]]]],1girl",489,490,491
"(hitomaru),[sy4,dango \(uni 520\)],year 2025,1girl,",492,493,494
"1girl,(Kyokucho),((hiro \(dismaless\),yoneyama mai,tianliang duohe fangdongye)),hitomaru,[onono imoko],",495,496,497
"(remsrar),[[cogecha]],[lineart],[[[meyoco]]],year 2025,1girl",498,499,500
"yuzuna99,(yokochou),[alp,bai lao shu],[[kedama milk,tianliang duohe fangdongye]],year 2025,1girl",501,502,503
"nopossumachine,[amonitto],1girl",504,505,506
"[[namie]],aspara,((tabi \(tabisumika\))),[[[[ao+beni]]]],ayul \(ayulneri 92\),(norizc),[yokochou],(((rin31153336))),(((migolu))),sho (sho lwlw),year 2025,",507,508,509
"incase,deyui,fkey,kedama milk,year 2025,",510,511,512
"ask\(askzy\),ciloranko,cui \(jidanhaidaitang\),kuzuvine,miv4t,nixeu,",513,514,515
"[[as109,wlop]],WANKE,[ciloranko],[[hiten]],K-SUWABE,((WANKE)),((mamimi)),\(dnd,fantasy,medieval\),OKAZU,(1girl),solo,cowboy shot,official alternate costume,offcial art",516,517,518
"[kedama milk],[ask \(askzy\)],wanke,[ATDAN],ciloranko,[[rhasta]],[tidsean],[ke-ta],((chiaroscuro)),[as109]],[sho \(sho lwlw\)]],wlop,",519,520,521
"(miv4t),((konya karasue)),rella,[[[quasarcake]]],fajyobore ,[[[[[skyrick9413]]]]],[[ask \(askzy\)]],",522,523,524
"(((happoubi jin))),((gawako,yoneyama mai)),[[sawkm,chen bin,as109,kase daiki,hitomaru]],",525,526,527
"ru zhai,da mao banlangen,omone hokoma agm,",528,529,530
"[ciloranko],kazutake hazano,[kedama milk],[ask \(askzy\)],",531,532,533
"[[ATDAN]],[[zhibuji loom]],[mignon],[[[ask]]],[ciloranko],",534,535,536
"((choco \(chocolate shop\))),fuzichoco,minaba hideo,",537,538,539
"((Fuumi)),((Tama)),((Shirabi)),(((Sayori))),(Ichihi),",540,541,542
"[agm],[as109],",543,544,545
"[agm],[miv4t],",546,547,548
"(shoshika8888888),(icomochi),[da mao banlangen],kurarome,",549,550,551
"[[as109]],[onineko],[[[ke-ta]]],[[alpha \(alpha91\)]],",552,553,554
"[[shanyao jiang tororo]],[[haneru]],[[himitsu \(hi mi tsu 2\)]],[[onineko]],[[as109]],",555,556,557
"[[(onineko),chen bin]],",558,559,560
"asakai mocchinu,monikano,hakaba \(dairiseki\),",561,562,563
"[[rei\(sanbonzakura\),mika pikazo]],shion\(mirudakemann\),[[cogecha]],ryou\(ryoutarou\),year 2025,",564,565,566
"[[cogecha]],ryou\(ryoutarou\),year 2025,",567,568,569
"[[yoneyama mai]],[[cutesexyrobutts]],[[[[ke-ta]]]],year 2025,",570,571,572
"((zuizi)),taitai,chen bin),[tianliang duohe fangdongye],",573,574,575
"(shironekoban),(hidulume),meunhongcha,",576,577,578
"jonylaser,kazuhiro \(tiramisu\),",579,580,581
"((shengtian,nopetroto)),",582,583,584
"[onineko],[ke-ta],[[shanyao jiang tororo]],",585,586,587
"((icomochi)),(namiorii),",588,589,590
"(icomochi),[darklux],",591,592,593
"((blue archive official art )),[[[jyt]]],((rotroto)),",594,595,596
"[jyt],namagome negi,hayana neru,",597,598,599
"hayana neru,shimejinameko,",600,601,602
"lam \(ramdayo\),mika pikazo,freng,",603,604,605
"[Quetzalli],[miv4t],",606,607,608
"cierra \(ra-bit\),artistask \(askzy\),gomzi,you shimizu,demizu posuka,asakuraf,",609,610,611
"[yushe quetzalli],[onineko],[ciloranko],[neco],",612,613,614
"(qys3),hiten,[ciloranko],[[wlop]],",615,616,617
"[neco],[onineko],[hiten],",618,619,620
"[hiten],[mignon],[riri],[weri],[rurudo],",621,622,623
"sciamano240,(pukara),noah \(tettsui-sole\),(binggong asylum),",624,625,626
"((ke-ta),(onono imoko),OlchaS,ask \(askzy\)),",627,628,629
"(hiten \(hitenkei\)),ciloranko,[[liduke]],[[wlop]],toosaka asagi,ke-ta,[[ask \(askzy\)]],torino,(chen bin),year 2025,",630,631,632
"kidmo,((agoto)),",633,634,635
"[melon22],(((kincora))),yoneyama mai,[alchemaniac],((batako,38)),kunaboto,elun \(meido\),year 2025,",636,637,638
"[yoneyama mai],[mika pikazo],[[ciloranko]],[sho \(sho lwlw\)],",639,640,641
"(minaba hideo),ningen mame,[tianliang duohe fangdongye],rokita,[[bee \(deadflow\)]],mignon,",642,643,644
"(rei \(sanbonzakura\),ciloranko,akizero1510),[as109],lam \(ramdayo\),ningen mame,[ask\(askzy\)],puuzaki puuna,[maccha \(mochancc\)],[wlop],[henreader],",645,646,647
"[akizero1510],kakure eria,rei \(sanbonzakura\),mochi \(circle rin\),karasu raven,",648,649,650
"ningen mame,[kedama milk],[sho \(sho lwlw\)],[ask \(askzy\)],wanke,[[tianliang duohe fangdongye]],[wlop],kousaki ruri,year 2025,",651,652,653
"(kousaki ruri),ningen mame,fumio \(rsqkr\),[sho \(sho lwlw\)],[ask \(askzy\)],wanke,[[tianliang duohe fangdongye]],[wlop],year 2025,",654,655,656
"[kedama milk],[ask \(askzy\)],wanke,[wlop],(atdan),kousaki ruri,(haneru),(torino aqua),year 2025,",657,658,659
"[kedama milk],mika pikazo,ciloranko,akizero1510,kukka,ask\(askzy\),wlop,[omone hokoma agm],year 2025,",660,661,662
"[ningen mame],mochizuki kei,kedama milk,namie,huanxiang heitu,liduke,year 2025,",663,664,665
"sheya,ask\(askzy\),hoji\(hooooooooji1029\),year 2025,",666,667,668
"[ningen mame],chen bin,omone hokoma agm,kinhasu,rella,konya karasue,fuzichoco,[[[tianliang duohe fangdongye]]],wlop,",669,670,671
"ru zhai,[ningen mame],chen bin,kinhasu,rella,konya karasue,fuzichoco,[[[tianliang duohe fangdongye]]],",672,673,674
"(kousaki ruri),[kedama milk],[ask \(askzy\)],wanke,[ATDAN],ciloranko,[[rhasta]],[tidsean],[ke-ta],[as109]],[sho \(sho lwlw\)]],wlop,year 2025,",675,676,677
"ru zhai,(kousaki ruri),ningen mame,[[momoko\(momopoco\)]],(creayus),kawacy,[[wlop]],year 2025,",678,679,680
"phantom ix row,akakura,beni shake,ningen mame,[[[tianliang duohe fangdongye]]],chen bin,sy4,",681,682,683
"enkyo yuuichirou,infukun,toosaka asagi,kinhasu,[[fuzichoco]],kedama milk,[[wlop]],",684,685,686
"refeia,toi8,yuuji \(and\),[[As109]],ask\(askzy\),ciloranko,year 2025,",687,688,689
"onineko,[ikeuchi tanuma],ningen mame,[[As109]],ask\(askzy\),ciloranko,year 2025,",690,691,692
"ningen mame,[ciloranko],[[binggong asylum]],asakuraf,[[shexyo]],[wlop],year 2025,",693,694,695
"(kousaki ruri),ningen mame,[enkyo yuuichirou],[phantom ix row],ask\(askzy\),[tianliang duohe fangdongye],year 2025,",696,697,698
"phantom ix row,wanke,akakura,[wlop],ciloranko,year 2025,",699,700,701
"Jonpei,[sho \(sho lwlw\)],",702,703,704
"[ciloranko],(((minaba hideo))),(demizu posuka),(shion\(mirudakemann\)),(yoshida akihiko),(ask \(askzy\)),year 2025,",705,706,707
"kaamin \(mariarose753\),milk panda,",708,709,710
"chen bin,icecake,[qizhu],[onineko],[anmi],kedama milk,(wlop),tianliang duohe fangdongye,ke-ta,rei \(sanbonzakura\),",711,712,713
"((quasarcake)),(((ciloranko))),year 2025,",714,715,716
"(((wlop))),(quasarcake),(ningen mame),(osakana \(osakanagazoubot\)),year 2025,",717,718,719
"(((wang xi))),reeh \(yukuri130\),(( wanke)),(( kinta \(distortion\))),((rei \(sanbonzakura\))),[ask \(askzy\)],[[modare]],year 2025,",720,721,722
"Kidmo,reoen,",723,724,725
"zhibuji loom,((rei \(sanbonzakura\))),(( kinta \(distortion\))),(((wang xi))),",726,727,728
"[kedama milk],[ask \(askzy\)],wanke,wlop,[ATDAN],ciloranko,[[rhasta]],[tidsean],[ke-ta],((chiaroscuro)),[as109]],[sho \(sho lwlw\)],",729,730,731
"[ningen mame],[[ciloranko]],[[binggong asylum]],[[omone hokoma agm]],[[[misaki12003]]],[sho \(sho lwlw\)],[[ask \(askzy\)]],[[tianliang duohe fangdongye]],[[rhasta]],",732,733,734
"hougu souji,yonchan,kitada mo,[ask\(askzy\)],[sy4],",735,736,737
"kitada mo,umezawa itte,wenquangua,ask\(askzy\),dokuro deluxe,",738,739,740
"anmi,shanyao jiang tororo,csyday,[ask\(askzy\)],[[rei \(sanbonzakura\)]],year 2025,",741,742,743
"mimoza \(96mimo414\),rei \(sanbonzakura\),mochi \(circle rin\),[rhasta,yonchan,watao],[minaba hideo],",744,745,746
"bacius,fishine,nonco,zhibuji loom,ask\(askzy\),ireading,karasu raven,",747,748,749
"shirable shiki,bacius,sy4,fishine,pigeon666,nonco,zhibuji loom,ask\(askzy\),ireading,karasu raven,",750,751,752
"maiqo,ask\(askzy\),beijuu,simao \(x x36131422\),yoneyama mai,jacknife,",753,754,755
"bukurote,you guo chaocai,yumenouchi chiharu,",756,757,758
"douya \(233\),akizero1510,[lam \(ramdayo\)],fishine,[ask\(askzy\)],puuzaki puuna,karasu raven,[maccha \(mochancc\)],[henreader],",759,760,761
"fenrir \(fenriluuu\),ask\(askzy\),[beijuu],tianliang duohe fangdongye,simao \(x x36131422\),[yoneyama mai],kedama milk,",762,763,764
"minaba hideo,rei \(sanbonzakura\),mika pikazo,[alchemaniac],[[yoneyama mai]],",765,766,767
"timbougami,gorgeous mushroom,kawacy,songjikyo,",768,769,770
"akizero1510,ireading,[alchemaniac],[[[wlop]]],[yaegashi nan],aka kan,",771,772,773
"dm \(dai miao\),songjikyo,[[shisantian]],yamakawa,[kedama milk],ttosom,",774,775,776
"rororogi mogera,[KuroBlood,bukurote],timbougami,[[tianliang duohe fangdongye]],[ideolo],",777,778,779
"nababa,[KuroBlood,sencha \(senchat\)],timbougami,[[maccha \(mochancc\)]],[alchemaniac],",780,781,782
"((butterchalk,pumpkinspicelatte,modare,bee \(deadflow\))),",783,784,785
"ruton-niki,[yoneyama mai],hxxg,",786,787,788
"((deyui,mikozin)),[jyt],40hara,[[gusha s]],((chen bin)),year 2025,",789,790,791
"kaede \(sayappa\),[[wlop]],[[[kase daiki]]],jima,[sheya],[[ciloranko]],[[[toosaka asagi]]],[[[tianliang duohe fangdongye]]],henreader,year 2025,",792,793,794
"akino ell,[memekko],[paraffin],mankai kaika,(miwabe sakura),[miyase mahiro],[[ebihara beniko]],year 2025,",795,796,797
"[tidsean],gomzi ,fajyobore,[wlop,reoen],[[tianliang duohe fangdongye]],[[rhasta]],year 2025,",798,799,800
"[ningen mame],ciloranko,[sho \(sho lwlw\)],[[as109]],wlop,",801,802,803
"[[wlop]],WANKE,[ciloranko],",804,805,806
"(amazuyu tatsuki,shiro9jira),ciloranko,ask \(askzy\),novelace,(wlop,reoen),(alphonse \(white datura\)),miv4t,[[tianliang duohe fangdongye]],year 2025,",807,808,809
"[kedama milk],mika pikazo,(wlop,reoen),happoubi jin,[[As109]],year 2025,",810,811,812
"[kedama milk],(wlop,reoen),[[As109]],",813,814,815
"[kedama milk],mika pikazo,(wlop,reoen),",816,817,818
"[kedama milk],mika pikazo,(wlop,reoen),happobi jin,[[As109]],year 2025,",819,820,821
"wlop,aki99,[[((mochizuki kei)),[[[as109]]],((asakuraf)),shion\(mirudakemann\)]],",822,823,824
"hyperrealistic,ask \(askzy\),[[[wlop]]],",825,826,827
"((((hyperrealistic)))),asciamano240,[[[wlop]]],",828,829,830
"(((gomzi))),[[[[wlop]]]],1girl,",831,832,833
"wlop,[[dino \(dinoartforame\)]],[[[as109]]],ciloranko,1girl",834,835,836
"agm,houkisei,wlop,",837,838,839
"[ZED],[wlop],[AGM],[onineko],",840,841,842
"((carbon12th)),(ayagi daifuku),(alphonse \(white datura\)),wlop,",843,844,845
"(ribiadan),[ciloranko],mikaze oto,[wlop],",846,847,848
"[wlop],ciloranko,[[usashiro mani]],[[[[as109]]]],",849,850,851
"[[((mochizuki kei)),[[[as109,wlop]]],((asakuraf)),shion\(mirudakemann\)]],",852,853,854
"[kedama milk],[mika pikazo],[wlop],ke-ta,[As109],phtharticpaul,year 2025,",855,856,857
"(wlop,reoen),[kedama milk],momoco,ke-ta,40hara,[As109],Torino,ask\(askzy\),ciloranko,[sho \(sho lwlw\)],wlop,[Rella],[omone hokoma agm],",858,859,860
"[kedama milk],[wlop],ke-ta,[ciloranko],[As109],year 2025,",861,862,863
"ask\(askzy\),[[wlop],ciloranko],As109,",864,865,866
"[40hara,kedama milk],mika pikazo,(wlop,reoen),happoubi jin,",867,868,869
"[ningenmame],ciloranko,[[[wlop]]],[[rhasta]],[As109]",870,871,872
"[wlop],[[as109]],Ito Junji,",873,874,875
"[[as109,wlop]],WANKE,ke-ta,akakura,Mika,[ciloranko],[[hiten]],",876,877,878
"(atsuage \(kakinop\)),mika pikazo,(wlop,reoen,tianliang duohe fangdongye),[ask \(askzy\)],[kantoku],year 2025,",879,880,881
"mikaze oto,[kedama milk],[ask \(askzy\)],wanke,wlop,",882,883,884
"(96),[tsujii ruki,sukja,takejun,kawacy,piromizu,rinotuna,zantyarz],wlop,",885,886,887
"chen bin,wlop,[kedama milk],momoco,ke-ta,40hara,[As109],Torino,ask\(askzy\),ciloranko,[sho \(sho lwlw\)],[Rella],[omone hokoma agm],",888,889,890
"(( yoneyama mai)),( ciloranko),[dino \(dinoartforame\)],(saitou natsuki),ayul \(ayulneri 92\),[wlop],fujiyama,year 2025,",891,892,893
"wan ke,[ciloranko],[hiten],[[modare]],[[wlop]],",894,895,896
"[[wlop]],WANKE,[ciloranko],[hiten],",897,898,899
"[mika pikazo],[ciloranko],kazutake hazano,[kedama milk],[ask \(askzy\)],wanke,wlop,fujiyama,year 2025,",900,901,902
"[ciloranko],kazutake hazano,kedama milk,[ask \(askzy\)],wanke,wlop,fujiyama,artisit:yuyu \(yuyuworks\),hiten \(hitenkei\),atrisit:dishwasher1910,",903,904,905
"kazutake hazano,[ciloranko],[kedama milk],[ask \(askzy\)],wanke,wlop,fujiyama,year 2025,",906,907,908
"[kedama milk],mika pikazo,(wlop,reoen,tianliang duohe fangdongye),[ask \(askzy\)],[[As109]],year 2025,",909,910,911
"[kedama milk],mika pikazo,(wlop,reoen,tianliang duohe fangdongye),[ask \(askzy\)],[[kantoku]],year 2025,",912,913,914
"Cogecha,[ningen mame],(wlop),[sho \(sho lwlw\)],",915,916,917
"[ashima takumi],[[ciloranko]],[[wlop]],[[porforever]],(cierra \(ra-bit\)),year 2025,1girl",918,919,920
"((mafuyu)),(((mochi))),[[[wlop]]],1girl",921,922,923
"((mogumo,u u zan,ciloranko,miv4t,wlop)),[[fuzichoco]],((rella)),1girl",924,925,926
"kase daiki,(shuz),[wlop],1girl",927,928,929
"[ningen mame],ciloranko,[sho \(sho lwlw\)],[[tianliang duohe fangdongye]],[[rhasta]]",930,931,932
"[ningen mame],ciloranko,[sho \(sho lwlw\)],[[tianliang duohe fangdongye]],[rhasta],year 2025,",933,934,935
"[ningenmame],ciloranko,[sho\(sho lwlw\)],",936,937,938
"ciloranko,[sho \(sho lwlw\)],[[tianliang duohe fangdongye]],[[rhasta]],",939,940,941
"[ningen mame],ciloranko,[sho \(sho lwlw\)],[saintshiro],[[rhasta]],",942,943,944
"[[ciloranko]],[rhasta],tidsean,[ke-ta],((chiaroscuro)),[sho \(sho lwlw\)]],(ningen mame),",945,946,947
"((toosaka asagi)),[[ningen mame],ciloranko,[sho \(sho lwlw\)],[[tianliang duohe fangdongye]],[rhasta]],",948,949,950
"[ningen mame],ciloranko,[sho \(sho lwlw\)],[[tianliang duohe fangdongye]],[eip \(pepai\)],[rukako],[[[memmo]]],[[[[[hoshi \(snacherubi\)]]]]] ,[[[[[nibiiro shizuka]]]]],year 2025,",951,952,953
"ningen mame,ciloranko,[fuzichoco],[sho \(sho lwlw\)],[tianliang duohe fangdongye],as109,",954,955,956
"[[ningen mame]],ciloranko,noyu \(noyu23386566\),",957,958,959
"ratatatat74,((ciloranko)),[[[Rella]]],[[ask\(askzy\)]],[[harogen pabirion]],",960,961,962
"[[hiten]],[chen bin],[ningen mame],[sho \(sho lwlw\)],[[[tianliang duohe fangdongye]]],",963,964,965
"ningen mame,mika pikazo,(reoen,tianliang duohe fangdongye),[ask \(askzy\)],[kantoku],",966,967,968
"miyuki \(miyuki0529\),potg,rei \(sanbonzakura\),cierra \(ra-bit\),ask \(askzy\),gomzi,you shimizu,[ningen mame],ciloranko,year 2025,",969,970,971
"((kuzuvine)),[[[ciloranko]]],[[dino \(dinoartforame\)]],year 2025,",972,973,974
"[ningen mame,ciloranko,sho \(sho lwlw\),tianliang duohe fangdongye,alphonse \(white datura\),rei \(sanbonzakura\)],",975,976,977
"[[ningen mame]],ciloranko,noyu \(noyu23386566\),morikura en,",978,979,980
"[ningen mame],[ATDAN],ciloranko,[[rhasta]],tidsean,[,[ke-ta],ciloranko,((chiaroscuro)),[sho \(sho lwlw\)]],",981,982,983
"[ningen mame],ciloranko,tianliang duohe fangdongye,atdan,",984,985,986
"[ATDAN],ciloranko,[tidsean],[ke-ta],((chiaroscuro)),[as109]],[sho \(sho lwlw\)]],",987,988,989
"[ningenmame],ciloranko,[sho\(sho lwlw\)],[[tianliang duohe fangdongye]],[[rhasta]],[As109],",990,991,992
"ciloranko,tianliang duohe fangdongye,[[modare]],[sho \(sho lwlw\)],",993,994,995
"modare,ningen mame,[kedama milk],[mika pikazo],(shiroshi \(denpa eshidan\),wlop,tianliang duohe fangdongye),[ask \(askzy\)],[kantoku],year 2025,",996,997,998
"[sho \(sho lwlw\)],ciloranko,((pottsness)),[[onineko]],[[as109]],1girl",999,1000,1001
"(akakura),(kawacy),(ask\(askzy\)),(onineko),(ciloranko),1girl",1002,1003,1004
"ciloranko,alphonse \(white datura\),ask \(askzy\),gomzi,you shimizu,year 2025,1girl",1005,1006,1007
"kedama milk,rucaco,kanda done,[[chen bin]],[[[[mignon]]]],[ningen mame],[[[[anmi]]]],1girl",1008,1009,1010
"(((shacho \(ko no ha\) ))),[[tianliang duohe fangdouye]],1girl",1011,1012,1013
"[[tianliang duohe fangdongye]],[ningen mame],[[[mignon]]],a chiki,",1014,1015,1016
"rokita,[[xinzoruo,eta,naga u]],ciloranko,ningen mame,[[as109]],",1017,1018,1019
"((ciloranko,akizero1510)),[ask\(askzy\)],kedama milk,parsley-f,[maccha \(mochancc\)],[tianliang duohe fangdongye],[bee \(deadflow\)],(chen bin),[wlop],((henreader)),",1020,1021,1022
"(rella),(ask\(askzy\)),(ningen mame),(ciloranko),(rei\(sanbonzakura\)),",1023,1024,1025
"(((ask\(askzy\),sy4,ciloranko,akizero1510))),",1026,1027,1028
"((chen bin),haneru),observerz,[wlop,nekojira],ciloranko,[sho \(sho lwlw\)],[[noyu \(noyu23386566\)],year 2025,",1029,1030,1031
"[ningen mame],ciloranko,wlop,",1032,1033,1034
"[wlop],ciloranko,year 2025,",1035,1036,1037
"(amazuyu tatsuki,shiro9jira),ciloranko,ask (askzy),(wlop),[[tianliang duohe fangdongye]],year 2025,",1038,1039,1040
"(akakura),kedama milk,ciloranko,[wlop],[[[onono imoko]]],",1041,1042,1043
"ningen mame,rhasta,ask \(askzy\),[wlop],ciloranko,",1044,1045,1046
"[wlop],ciloranko,ask\(askzy\),bison cangshu,(yunsang),[ningenmame],[sho\(sho lwlw\)],[rhasta],year 2025,",1047,1048,1049
"shiratama \(shiratamaco\),[ningen mame],[[tianliang duohe fangdongye]],[shuz],[wlop],kase daiki,",1050,1051,1052
"(((observerz))) ,wanke,mikaze oto,ciloranko,[sho \(sho lwlw\)],wlop,year 2025,",1053,1054,1055
"(atsuage \(kakinop\)) mika pikazo,(wlop,reoen,tianliang duohe fangdongye),[ask \(askzy\)],[kantoku],year 2025,1girl",1056,1057,1058
"[[[wlop]]],[mochizuki kei],ciloranko,shanyao jiang tororo,1girl",1059,1060,1061
"[[[ningen mame]]],miyase mahiro,chen bin,[[[sho \(sho lwlw\)]]],[[[[ogipote]]]],[[[ciloranko]]],[cogecha],[wlop],year 2025,1girl",1062,1063,1064
"hxxg,(pigeon666),[ciloranko,wlop],[ask \(askzy\)],(redi \(rasec asdjh\)),wanke,1girl",1065,1066,1067
"kaede \(sayappa\),[[wlop]],[[[kase daiki]]],jima,[sheya],[[ciloranko]],[[[toosaka asagi]]],[[[tianliang duohe fangdongye]]],henreader,1girl",1068,1069,1070
"kedama milk,((( akarura))),[wlop],[ask \(askzy\)],wanke ,ciloranko,",1071,1072,1073
"(kousaki ruri),[wlop],ciloranko,year 2025,",1074,1075,1076
"shuri \(84k\),ATDAN,chen bin,[ningen mame],[[wlop]],(sarcophage,tsubasa tsubasa,),modare,hiten \(hitenkei\)",1077,1078,1079
"[[wlop]],[ningen mame],[bilibili xiaolu],ciloranko,[[tianliang duohe fangdongye]],[hiten (hitenkei)],[[[bm tol]]],year 2025,",1080,1081,1082
"wlop,40hara,[As109],Torino,ask\(askzy\),ciloranko,[sho \(sho lwlw\)],",1083,1084,1085
"[[kedama milk],ishiyumi,[tianliang duohe fangdongye],poco\(asahi age\),mochizuki kei],",1086,1087,1088
"((ogipote,bm tol)),[[yoneyama mai,ciloranko,blue-senpai,aikome \(haikome\)]],",1089,1090,1091
"[[ttosom]],[shisantian],zuizi,[dino \(dinoartforame\),[fajyobore]],kaneko \(bblogtinhan\),xiujia yihuizi,",1092,1093,1094
"[eip \(pepai\)],[rukako],[[[memmo]]],[[[[[hoshi \(snacherubi\)]]]]],[[[[[nibiiro shizuka]]]]],year 2025,",1095,1096,1097
"[rei \(sanbonzakura\)],sho \(sho lwlw\)],",1098,1099,1100
"tianliang duohe fangdongye,[[[tyakomes,shinapuu]]],",1101,1102,1103
"(rurudo,cogecha,ask \(askzy\)),year 2025,",1104,1105,1106
"(rosumerii),[ciloranko],[[ask \(askzy\)]],",1107,1108,1109
"(shigure ui),[mika pikazo,fuzichoco,tianliang duohe fangdongye,modare,ningen mame],year 2025,",1110,1111,1112
"((kishiyo)),[[ciloranko]],",1113,1114,1115
"hiten,ao+beni,[marumoru],ciloranko,",1116,1117,1118
"(sakura \(39ra\)),[[tyakomes],henreader,baku-p,daizu \(melon-lemon\),naga u,year 2025],",1119,1120,1121
"[[piyodera mucha]],henreader,eufoniuz,year 2025,",1122,1123,1124
"kazutake hazano,ningen mame,[kedama milk],[[wlop]],[[As109]],[[mika pikazo]],",1125,1126,1127
"(tokkyu,beni shake),[ciloranko,gweda,mignon,binggong asylum,happoubi jin],",1128,1129,1130
"kukka,ryou\(ryoutarou\),((kyockcho,alphonse\(white datura\),miyase mahiro,milk panda)),ask\(askzy\),",1131,1132,1133
"mamimi\(mamamimi\),blade \(galaxist\),((fuzichoco,butterchalk,yoshinari you,mika pikazo)),",1134,1135,1136
"((yago8 pp3,rella)),ciloranko,sheya,ishiyumi,fkey,tokkyu,infukun,",1137,1138,1139
"(alphonse\(white datura\),ningen mame,xinzoruo,anmi,demizu posuka),[ikeuchi tanuma],",1140,1141,1142
"(amazuyu tatsuki,hoji\(hooooooooji1029\),ishiyumi),",1143,1144,1145
"(tidsean,kantoku,poco\(asahi age\),yago8 pp3,ningen mame),",1146,1147,1148
"(musashi\(detks\),tomose shunsaku,momoko\(momopoco\),ishiyumi),",1149,1150,1151
"(hoji\(hooooooooji1029\),kedama milk,akizero1510,kinhasu,hisona \(suaritesumi\)),",1152,1153,1154
"(yuuji \(and\),namie,shion\(mirudakemann\),nanase nao,as109,yuuhagi \(amaretto-no-natsu\)),",1155,1156,1157
"(ishikei,ryou\(ryoutarou\),yuuhagi \(amaretto-no-natsu\),refeia,cierra\(ra-bit\)),",1158,1159,1160
"(miyase mahiro,creayus,binggong asylum,demizu posuka,namie,cui \(jidanhaidaitang\)),",1161,1162,1163
"(mandrill,miv4t,rebecca \(keinelove\),missile228,akakura),",1164,1165,1166
"((((nababa)))),(onono imoko),mika pikazo,fkey,(((torino))),(((((suzumi \(ccroquette\))))))),wlop,((((ask \(askzy\))))),[[as109]],((((rei \(sanbonzakura\))))),(mignon),(((jonpei))),[(reoen)),modare,((chiaroscuro)),year 2025",1167,1168,1169
"(kaamin \(mariarose753\),sy4,meito \(maze\),cierra\(ra-bit\),shexyo),",1170,1171,1172
"([[sho \(sho lwlw\),as109]],nanase nao,hisona \(suaritesumi\),qtonagi,katahira masashi,((chen bin))),",1173,1174,1175
"(nixeu,momoko\(momopoco\),yoshinari you,itomugi-kun,fujima takuya),",1176,1177,1178
"(kaamin \(mariarose753\),sy4,meito \(maze\),cierra\(ra-bit\),shexyo,toi8),",1179,1180,1181
"null \(nyanpyoun\),yuuji \(and\),meion,kani biimu,mamimi\(mamamimi\),hiten \(hitenkei\),",1182,1183,1184
"((cui \(jidanhaidaitang\),katahira masashi,tidsean,mika pikazo)),",1185,1186,1187
"tokkyu,fujima takuya,ningen mame,hews,ikeuchi tanuma,",1188,1189,1190
"momoko\(momopoco\),modare,yoneyama mai,nixeu,ask\(askzy\),",1191,1192,1193
"((onineko,amazuyu tatsuki,rebecca \(keinelove\),namie,kaigen 1025)),",1194,1195,1196
"ebifurya,fumio \(rsqkr\),kani biimu,sy4,",1197,1198,1199
"nanashi \(nlo\),ask\(askzy\),yuuji \(and\),phantom ix row,lm7\(op-center\),mamimi \(mamamimi\),",1200,1201,1202
"miv4t,you shimizu,infukun,toi8,ningen mame,sheya,wlop,",1203,1204,1205
"milkychu,hoji\(hooooooooji1029\),yoshinari you,mika pikazo,wlop,",1206,1207,1208
"kaamin \(mariarose753\),milk panda,ask\(askzy\),ikeuchi tanuma,kukka,",1209,1210,1211
"piromizu,kuromiya,sho \(sho lwlw\),infukun,",1212,1213,1214
"fkey,cutesexyrobutts,milk panda,mamimi\(mamamimi\),namie,milkychu,tokkyu,",1215,1216,1217
"beni shake,kukka,alphonse\(white datura\),infukun,mika pikazo,",1218,1219,1220
"hyouuma,wanke,nikorashi-ka,sofra,you shimizu,",1221,1222,1223
"kukka,avogado6,hews,kawacy,sheya,xinzoruo,hyouuma,",1224,1225,1226
"reoen,yago8 pp3,amazuyu tatsuki,phantom ix row,mika pikazo,",1227,1228,1229
"as109,qtonagi,potg\(piotegu\),tony taka,null \(nyanpyoun\),itomugi-kun,",1230,1231,1232
"((shion\(mirudakemann\))),[[misaka 12003-gou,cogecha,anmi,huanxiang heitu,fkey]],",1233,1234,1235
"fuzichoco,amazuyu tatsuki,misaka 12003-gou,kaamin \(mariarose753\),as109,fkey,",1236,1237,1238
"[[nanmokaken,butterchalk]],((yoneyama mai,miyo \(ranthath\),yoshinari you,potg\(piotegu\))),",1239,1240,1241
"huanxiang heitu,tiv,sofra,nanashi \(nlo\),hisona \(suaritesumi\),",1242,1243,1244
"tabi \(tabisumika\),[[[[ao+beni]]]],ayul \(ayulneri 92\),[yokochou],(rin31153336),(migolu),",1245,1246,1247
"kousaki rui,[[daifuku mame \(kageroudt33\)]],chyoel,[[lpip]],koe \(mixpi\),[atdan],kaninn,year 2025,",1248,1249,1250
"Yuzusoft,Senren Banka,",1251,1252,1253
"render,c4d,photo-referenced,((((nendoroid)))),Handmade,3d,",1254,1255,1256
"minimalism,((no lineart)),(((faceless))),simple background,blending,flat color,limited palette,",1257,1258,1259
"(pixel art,Aaron Hain),",1260,1261,1262
"(((pixel art))),((neon palette)),",1263,1264,1265
"((((pixel art)))),[ashima takumi],[[ciloranko]],[[wlop]],cierra \(ra-bit\),[noyu \(noyu23386566\)],",1266,1267,1268
"((ff gradient)),((limited palette)),high contrast,inverted colors,colorful,(Stunning composition),",1269,1270,1271
"portrait,lineart,monochrome,black and white,",1272,1273,1274
"greyscale,monochrome,silent comic,linear hatching,",1275,1276,1277
"(((pixel art))),carpet,chair,indoors,((((isometric)))),light rays,plant,white background,",1278,1279,1280
"((((((lineart)))))),nocolor,",1281,1282,1283
"graphite \(medium\),((monochrome),),paper,art tools in frame,pencil,traditional media,",1284,1285,1286
"((Multiple view)),wlop,[mochizuki kei],",1287,1288,1289
"((quan \(kurisu tina\))),(portrait),upper body,close-up,year 2025,",1290,1291,1292
"[[kamisato ayaka \(genshin\) cosplay]],no humans,[kedama milk],(wlop,reoen),[[As109]],((white cat)),hair ornament,furry,shy,nude,[[chibi]]",1293,1294,1295
