Artists,0,1,2,3,4,5
"(mafuyu \(chibi21\)),((rurudo,gusha s,hiro \(dismaless\),wlop,yoneyama mai,mikami mika)),[[murata range]],",0,1,2,3,4,5
"naga u,[tyakomes],henreader,baku-p",6,7,8,9,10,11
"(fagun yibei),berryverrine,saaal653,mihifu,reddizen,tabi \(tabisumika\),naga u,no lineart,",12,13,14,15,16,17
"unfinished,naga u,nekotoufu,ilya kuvshinov,",18,19,20,21,22,23
"morino hon,nuu \(nu-nyu\),(harada takehito),",24,25,26,27,28,29
"((((chibi)))),1 girl,(amaichi esora),zhibuji loom,[WANKE],[ciloranko],[amashiro.natsuki],(rubi-sama))((asanagi)),[[toraishi 666]] [[mvv]] (zuizi),(taitai,chen bin),[sho \(sho lwlw\),chibi,",30,31,32,33,34,35
"luicent,[ningen mame],sumiyao \(amam\),astg,",36,37,38,39,40,41
"[[torino]],(as109),[[asanagi]],(torino auqa),saku usako \(rabbit\),[mochizuki kei],(asanagi),",42,43,44,45,46,47
"kanzakietc,(aono \(f i s\)),sasa onigiri,(na tarapisu153),year 2025,",48,49,50,51,52,53
"gochisousama \(tanin050\),[[[[[tsukareta san]]]]],[[[[[[[[[[cutesexyrobutts]]]]]]]]]],",54,55,56,57,58,59
"(((takemori shintarou,harada takehito,cool-kyou shinja))),kojima takeshi,(taketora suzume),[[takeuchi takashi,lambda \(kusowarota\)]],[[[cle masahiro]]],year 2025,",60,61,62,63,64,65
"[[piyodera mucha]],yamamomo \(plank\),henreader,eufoniuz,year 2025,",66,67,68,69,70,71
"(eufoniuz),(ogipote),(sy4),[[[sumiyao \(amam\)]]],",72,73,74,75,76,77
"(henreader),yapo \(croquis side\),satou kuuki,[[asanagi]],[[[[sugoihi]]],[shiokonbu],year 2025,",78,79,80,81,82,83
"blue-senpai,[[[[[tsukareta san]]]]],[[[[[[[[[aikome \(haikome\)]]]]]]]]],",84,85,86,87,88,89
"[kurumi \(recycllamo\)],mika pikazo,kazutake hazano,[kedama milk],[ask \(askzy\)],wanke,fujiyama,",90,91,92,93,94,95
"(yd,satou kuuki),kedama milk,[[[sho \(sho lwlw\)],ke-ta]],year 2025,",96,97,98,99,100,101
"[kedama milk],ciloranko,ke-ta,Hiten,[ask\(askzy],[nekoda],[As109]",102,103,104,105,106,107
"[kedama milk],momoco,ke-ta,chen bin,mignon,nekoda,[As109],Happoubi jin,year 2025,",108,109,110,111,112,113
"[kedama milk],modare,(chen bin),happobi jin,year 2025,",114,115,116,117,118,119
"((healthyman,modare,atte7kusa,zurikishi)),year 2025,",120,121,122,123,124,125
"[modare],ciloranko,[ryota \(ry o ta\)]],kedama milk,[[nekoda \(maoda\)]],wlop,year 2025,",126,127,128,129,130,131
"modare,ask \(askzy\),(Morikura En),(hiten),Rella,banishment,",132,133,134,135,136,137
"kylin,luicent,duoyuanjun,liduke,wagashi \(dagashiya\),healthyman,shimada fumikane,astg,himura kiseki,ame \(uten cancel\),mikozin,ask \(askzy\),yonchan,modare,",138,139,140,141,142,143
"(Endou Okito),[as109],[ciloranko],[oyariashito],[[cutesexyrobutts]],",144,145,146,147,148,149
"((pottsness)),[[onineko]][[as109]],",150,151,152,153,154,155
"[[tachikawa mushimaro]],kyokko,[[[as109]]],[[[Asanagi]]],kedama milk,[[[[ke-ta]]]]",156,157,158,159,160,161
"[kedama milk],momoco,ke-ta,40hara,[As109],Torino,ask\(askzy\),ciloranko,[sho \(sho lwlw\)],wlop,[Rella],[omone hokoma agm],year 2025,",162,163,164,165,166,167
"40hara,pottsness,[[onineko]],[[as109]],[[[kedama milk]]],",168,169,170,171,172,173
"(amazuyu tatsuki,shiro9jira),mignon,[[as109]],ciloranko,ask \(askzy\),novelace,",174,175,176,177,178,179
"((shigure ui,tira 27)),",180,181,182,183,184,185
"(fuzichoco),[[ningen mame]],ciloranko,yd,noyu \(noyu23386566\)",186,187,188,189,190,191
"[ATDAN],[void 0],[[[[[ogata tei]]]]],year 2025,",192,193,194,195,196,197
"((ATDAN)),[[hong bai],bigxixi,[allenes]],ask \(askzy\),[chen bin],year 2025,",198,199,200,201,202,203
"ATDAN,[ningen mame],ask \(askzy\),[hiten \(hitenkei\)],[[sy4]],[[alpha \(alpha91\)]],[[houraku]],[[[fuzichoco]]],[[sencha \(senchat\)]],[[[rei \(sanbonzakura\)]]],[[chen bin]],[wlop],[houkisei],year 2025,",204,205,206,207,208,209
"((ikeuchi tanuma)),(((((mignon,ATDAN))))),(((((anmi))))),((ogipote)),((sy4)),(hiten \(hitenkei\)),yuno385,[[[[momoko \(momopoco\)]]]],[[[ke-ta]]],",210,211,212,213,214,215
"Rella,ATDAN,omone hokoma agm,",216,217,218,219,220,221
"ATDAN,[fuzichoco],mocha \(cotton\),[wlop],[hiten \(hitenkei\)],[ask \(askzy\)],arsenixc,year 2025,",222,223,224,225,226,227
"[airtist:atdan],[yoneyama mai],",228,229,230,231,232,233
"((toddler)),henreader,ciloranko,[sho \(sho lwlw\)],[[tianliang duohe fangdongye]],",234,235,236,237,238,239
"[kedama milk],mika pikazo,(reoen,tianliang duohe fangdongye),[ask \(aakzy\)],[As109],year 2025,",240,241,242,243,244,245
"yushe quetzalli,ciloranko,",246,247,248,249,250,251
"(((yoneyama mai))),(ciloranko),zhibuji loom,[[[fuzichoco]]],((rella,konya karasue)),(hagimorijia),wlop,",252,253,254,255,256,257
"(toosaka asagi),asou \(asabu202\),fuzichoco,ogipote,[[piyodera mucha]],yamamomo \(plank\),year 2025,",258,259,260,261,262,263
"say hana,[[lam \(ramdayo\)]],[mochizuki kei],[[cierra \(ra-bit\)]],",264,265,266,267,268,269
"say hana,(sarasadou dan),[[lam \(ramdayo\)]],[mochizuki kei],[[cierra \(ra-bit\)]],",270,271,272,273,274,275
"(shiina kuro),(ningen mame),",276,277,278,279,280,281
"((xilmo)), void 0,ciloranko,rei \(sanbonzakura\),[[[fkey,shion \(mirudakemann\)]]],year 2025,",282,283,284,285,286,287
"(john kafka),(yueko \(jiayue wu\)),",288,289,290,291,292,293
"dungeon meshi,rurudo,miyuki \(miyuki0529\),konbu wakame,xilmo,wlop,year 2025,",294,295,296,297,298,299
"[kurumi \(recycllamo\)],[mika pikazo],[ciloranko],kazutake hazano,[kedama milk],[hagi \(ame hagi\)],[ask \(askzy\)],wanke,fujiyama",300,301,302,303,304,305
"((hitomaru)),[menyoujan,chen bin],[[tsubasa tsubasa]],[[[kedama milk,redrop]]],[[[[[aki99]]]]]",306,307,308,309,310,311
"(alphonse \(white datura\)),miv4t,[[tianliang duohe fangdongye]],year 2025,",312,313,314,315,316,317
"alp,(dino \(dinoartforame\),ciloranko),[[[[kuroduki \(pieat\)]]]],[[ask \(askzy\)]],maeda hiroyuki,year 2025,",318,319,320,321,322,323
"binggong asylum,murata yuusuke,onineko,[As109],[[QYS3]],year 2025,",324,325,326,327,328,329
"((binggong asylum)),meion,liduke,chen bin,dishwasher1910,",330,331,332,333,334,335
"[[[[binggong asylum]]]],[[onineko]],",336,337,338,339,340,341
"((yutoka mizu)),[[suimya]],[[[noco]]],[[[[[[miwano rag]]]]]],",342,343,344,345,346,347
"rhasta,onineko,potg\(piotegu\),yuuhagi \(amaretto-no-natsu\),bow \(bhp\),doujinshi doujin,",348,349,350,351,352,353
"tokkyu,chen bin,ask\(askzy\),tidsean,kasumi \(skchkko\),hiten \(hitenkei\),mika pikazo,",354,355,356,357,358,359
"ogipote,nikorashi-ka,katahira masashi,murakami suigun,touzai\(poppin phl95\),",360,361,362,363,364,365
"(rolua),[waka\(wk4444\)],[ciloranko],[kedama milk],wanke,mikaze oto,",366,367,368,369,370,371
"[tachikawa mushimaro],[[hisakata souji]],[[[[ke-ta]]]],year 2025,",372,373,374,375,376,377
"achiki,au \(d elete\),[hito komoru,tianliang duohe fangdongye],(toosaka asagi),year 2025,",378,379,380,381,382,383
"miv4t,[[[quasarcake]]],fajyobore ,[[[[[skyrick9413]]]]],[[ask \(askzy\)]],",384,385,386,387,388,389
"(mochizuki kei),wlop,mikozin,enkyo yuuichirou,tianliang duohe fangdongye,",390,391,392,393,394,395
"(zunta),ohisashiburi,[[ishikei]],",396,397,398,399,400,401
"(asakuraf),komota \(kanyou shoujo\) ,konya karasue,(ciloranko,alphonse \(white datura\)),shion \(mirudakemann\),year 2025,",402,403,404,405,406,407
"tabi \(tabisumika\),yuumei,rella,konya karasue,year 2025,",408,409,410,411,412,413
"(toosaka asagi),achiki,(rin yuu),",414,415,416,417,418,419
"((mashiro shiki)),[[gusha s,wanke,yoneyama mai,silvertsuki,hiro \(dismaless\)]],",420,421,422,423,424,425
"((kawakami masaki,koh rd)),",426,427,428,429,430,431
"((k-suwabe,OKAZU)),[[hiten]],WANKE,[ciloranko],",432,433,434,435,436,437
"shion \(mirudakemann\),[hews,sho \(sho lwlw\),ciloranko,alphonse \(white datura\)],",438,439,440,441,442,443
"(iuui,ajishio,marushin),year 2025,",444,445,446,447,448,449
"((nardack,(liduke))),ask \(askzy\),",450,451,452,453,454,455
"chyoel,solar,[kuzuvine],[[dino \(dinoartforame\)]],[[[ciloranko]]],year 2025,",456,457,458,459,460,461
"tsukareta san,norza,[[takatsuki ichi]],",462,463,464,465,466,467
"((mignon),(fuzichoco),yd \(orange maru\),noyu \(noyu23386566\)),[[ningen mame]],ciloranko,",468,469,470,471,472,473
"bbolalus,miyuki \(miyuki0529\),[[[kedama milk]]],rin31153336,",474,475,476,477,478,479
"[eip pepai,[nekojira,[[rucaco,wlop,ciloranko,[[toosaka asagi]]]]]],year 2025,",480,481,482,483,484,485
"((miyase mahiro)),[ke-ta],jyt,himitsu \(hi mi tsu 2\),hiten,",486,487,488,489,490,491
"(((yumenouchi chiharu))),mochizuki kei,[[[[[[rei \(sanbonzakura\)]]]]],",492,493,494,495,496,497
"7010,[reoen],[yoru nai],((do m kaeru)),[[hizuki yayoi]],[[azuuru]],(maccha \(mochancc\)),(nikaidou kou),year 2025,",498,499,500,501,502,503
"((kannko bokujou)),[suminagashi],(cierra \(ra-bit\)),xinzoruo,[[mokufuu]],koruri,(saru),[zuizi],year 2025,",504,505,506,507,508,509
"((djheycha)),(piromizu),[romi \(346 ura\)],((yuuhagi \(amaretto-no-natsu\))),[minaba hideo],((rin yuu)),[[mazjojo]],icomochi,year 2025,",510,511,512,513,514,515
"(observerz),modare,mikaze oto,[kedama milk],[ask \(askzy\)],ciloranko,ponzu\(catponz\),year 2025",516,517,518,519,520,521
"((xssh)),(observerz),[kedama milk],[ask \(askzy\)],(mikaze oto),[ciloranko],[ponzu\(catponz\)],year 2025,1girl,",522,523,524,525,526,527
"((si10ra)),[[gusha s,wanke,yoneyama mai,wlop,silvertsuki,hiro \(dismaless\)]],1girl",528,529,530,531,532,533
"((hitomaru)),[menyoujan,chen bin],[[tsubasa tsubasa]],[[[kedama milk,redrop,aki99]]],1girl",534,535,536,537,538,539
"((mountain han)),[[kahlua]],mochizuki kei,[gin00],year 2025,1girl",540,541,542,543,544,545
"ciloranko,[[[[ame \(uten cancel\)]]]],[[[[muloli \(artist\)]]]],year 2025,1girl,",546,547,548,549,550,551
"oyari ashito,higeneko,goma satoshi,potetos7,azure \(capriccio\),1girl",552,553,554,555,556,557
"(konya karasue),modare Rella,banishment,(stu dts),(miv4t),(suzumi \(ccroquette\)),(rei \(sanbonzakura\)),(torino aqua),1girl",558,559,560,561,562,563
"(Morikura En),Rella,[nanaken nana],u u zan,banishment,stu dts),[miv4t],[[wlop]] ((suzumi \(ccroquette\))),([rei \(sanbonzakura\)]),([torino aqua]),close-up,1girl",564,565,566,567,568,569
"((gusha s,kyokucho)),(kedama milk,amashiro natsuki),year 2025,AS109,1girl,",570,571,572,573,574,575
"((((hiro \(dismaless\),kotobuki utage)))),hitomaru,[[Kyokucho,murata range]],year 2025,1girl,close-up",576,577,578,579,580,581
"[[[[[shpo]]]]],[[[[[[[[[[cutesexyrobutts]]]]]]]]]],1girl",582,583,584,585,586,587
"[[akakura]],[umishima senbon],((kamitoge supino)),[[gsusart]],joman,kitaku \(nakamachi machi\),[shugao],(mandrill),year 2025,1girl",588,589,590,591,592,593
"[[kantoku]],[[parsley-f]],[yd \(orange maru\)],(u u zan),komeshiro kasu,[[maett]],(dsmile),fuya \(tempupupu\),year 2025,1girl",594,595,596,597,598,599
"[[mo \(kireinamo\)]],((maki keigo)),[ningen mame],[maeshima shigeki],(ssambatea),(ebimomo),[[miyoshi yoshimi]],[[azuuru]],year 2025,1girl",600,601,602,603,604,605
"[[shuri \(84k\)]],[[necomi]],((natsuki teru)),kawacy,[risui \(suzu rks\)],[nakano maru],[dede \(qwea 00000\)],[takitarou],year 2025,1girl",606,607,608,609,610,611
"[[shuuko \(s h uuko\)]],((mura karuki)),((shacho \(ko no ha\))),((ocha \(popopogg\))),(cutesexyrobutts),[anmi],(kaorihero),[echj],year 2025,1girl",612,613,614,615,616,617
"[[signalviolet]],(qi7pi),(baocaizi),[[6 \(yuchae\)]],(tobimura),misha \(ohds101\),(op na yarou),(momose \(oqo\)),year 2025,1girl",618,619,620,621,622,623
"[ashima takumi ],[[ciloranko]],[[wlop]],(misekai 555),(cierra \(ra-bit\)), year 2025,1girl",624,625,626,627,628,629
"[kita senri],((terrajin)),[[13 \(spice!!\)]],[[tokiwa midori \(kyokutou funamushi\)]],[[phantom ix row]],[tama \(tama-s\)],tenobe,[[203wolves]],year 2025,1girl",630,631,632,633,634,635
"[matanonki],topia,poprication,((barbarian tk)),(nagishiro mito),[liduke],toosaka asagi,(kazepana),year 2025,1girl",636,637,638,639,640,641
"[nadegata],[k00s],(namie),[k00s],[[terupancake]],shimhaq,[[tsunako]],[rosuuri],year 2025,1girl",642,643,644,645,646,647
"[naruse hirofumi],((houkisei)),[[shikimi \(yurakuru\)]],((nekojira)),[sheya],[quan \(kurisu tina\)],[[nyum]],((rkrk)),year 2025,1girl",648,649,650,651,652,653
"nekojira,pigeon666,ohisashiburi,[agoto,ask\(askzy\)],",654,655,656,657,658,659
"[popqn],[[hisona \(suaritesumi\)]],syhan,ribiadan,[kitaku \(nakamachi machi\)],[[morino hon]],(10mo),(coyucom),year 2025,1girl",660,661,662,663,664,665
"[shouu-kun],qosic,[[gearous]],piripun,((colis)),(ponytail korosuke),[[naruse hirofumi]],((hxxg)),year 2025,1girl",666,667,668,669,670,671
"((deadnooodles)),((atdan)),[hua hua de meme],[re ghotion],[mamuru],hori \(hori no su\),[[kuzuvine]],(sho \(sho lwlw\)),year 2025,1girl",672,673,674,675,676,677
"((ebimomo)),[wata \(attaka towel\)],[[shnva]],[[deadnooodles]],((saitou naoki)),koi \(koisan\),idkuroi,(ran'ou \(tamago no kimi\)),year 2025,1girl",678,679,680,681,682,683
"((haru \(hiyori-kohal\))),[[tachibana roku]],[midori foo],(taesi),[[ayu \(mog\)]],milkychu,(ran'ou \(tamago no kimi\)),[djheycha],year 2025,1girl",684,685,686,687,688,689
"((ikeuchi tanuma)),mamimi(mamamimi),year 2025,1girl",690,691,692,693,694,695
"((inudori)),gya \(144\),((wanke)),[[clear glass \(mildmild1311\)]],ookuma nekosuke,[[gakky]],[[hajika]],[[deyui]],year 2025,1girl",696,697,698,699,700,701
"((kisaragi yuu \(fallen sky\))),(ittokyu),((ucmm)),(asatsuki \(fgfff\)),[[hanekoto]],((demizu posuka)),[[sasairebun]],[sofra],year 2025,1girl",702,703,704,705,706,707
"((mappaninatta)),[waterkuma],((akizero1510)),(kawacy),kujou karasuma,(ru zhai),[tetsurou \(fe+\)],nardack,year 2025,",708,709,710,711,712,713
"((miv4t)),(shnva),ro g \(oowack\),[[sogawa]],[[ainy]],((azuumori)),[yamakawa],((myabit)),1girl",714,715,716,717,718,719
"((miyuki ruria)),[[ayu \(mog\)]],[gomzi],(hisakata souji),[nonco],(onono imoko),(m k),((kawacy)),year 2025,1girl",720,721,722,723,724,725
"((rui \(sugar3\))),[criis-chan],[aochoku],(mamimu \(ko cha 22\)),[[kouji \(campus life\)]],shirokitsune,kemachiku,[hagoonha],year 2025,1girl",726,727,728,729,730,731
"1girl,(echj),[[haru \(nakajou-28\)]],((shion \(mirudakemann\) )),[[shanyao jiang tororo]],[murata range],[[luke \(dydansgur\)]],suisogenshi,((namori)),year 2025,",732,733,734,735,736,737
"(fagi \(kakikaki\),shimatani azu,minaba hideo),[yoshida akihiko],((ciloranko)),[[[pigeon666]]],kawacy,((maeka \(kumaekake\))),nardack,year 2025,1girl",738,739,740,741,742,743
"(fagi \(kakikaki\),shimatani azu,minaba hideo),[yoshida akihiko],[dadijiji\) ],[[[pigeon666]]],kawacy,((maeka \(kumaekake\))),nardack,year 2025,1girl",744,745,746,747,748,749
"(fagi \(kakikaki\),shimatani azu,minaba hideo),[yoshida akihiko],((yamakawa),kawacy,((maeka \(kumaekake\))),nardack,year 2025,1girl",750,751,752,753,754,755
"(fagi \(kakikaki\),shimatani azu,minaba hideo),[yoshida akihiko],[sheya],kawacy,((maeka \(kumaekake\))),nardack,year 2025,1girl",756,757,758,759,760,761
"(henreader),reitou mikan,[yuuka nonoko],appleq,[tsukinami kousuke],(tomozero),((menma \(enaic31\))),[[migolu]],year 2025,1girl",762,763,764,765,766,767
"(hoojiro),[[turisasu]],[[momiji mao]],[fagi \(kakikaki\)],[[aak]],[yukie \(kusaka shi\)],mamyouda,((miu \(miuuu 721\))),year 2025,1girl",768,769,770,771,772,773
"(lamb-oic029),((kedama milk)),[rariatto \(ganguri\)],((mochizuki kei)),[norza],keenh,year 2025,1girl",774,775,776,777,778,779
"(mamimi \(mamamimi\)),huwari \(dnwls3010\),[[m k]],(mozukuzu \(manukedori\)),(asazuki norito),[rune \(dualhart\)],[[hyde \(tabakko\)]],((kamitoge supino)),year 2025,1girl",780,781,782,783,784,785
"(miyase mahiro),[mendou kusai],((mamuru)),[[hxxg]],reoen,((nikorashi-ka)),[[omone hokoma agm]],((ett)),year 2025,1girl",786,787,788,789,790,791
"(niichi \(komorebi-palette\)),(shichigatsu),akadako,[[swordsouls]],(sagami jon),(demizu posuka),(sofra),[[sui \(suizilla\)]],year 2025,1girl",792,793,794,795,796,797
"cogecha,((ciloranko)),[[[Rella]]],[[ask \(askzy\)]],mignon,[popqn], kawacy, minaba hideo,fuya \(tempupupu\),dishwasher1910,year 2025,1girl",798,799,800,801,802,803
"cogecha,((ciloranko)),[[[Rella]]],[[ask \(askzy\)]],mignon, kawacy,[pigeon666],year 2025,1girl",804,805,806,807,808,809
"dev \(dev0614\),[onono imoko],[sasairebun],((waterkuma)),migolu,[murata yuusuke],((yoon cook)),((nanoless)),year 2025,1girl",810,811,812,813,814,815
"kz oji,daizu \(melon-lemon\),(teshima nari),(yukataro),honlo,[zuo daoxing],(icomochi),[[yana mori]],year 2025,1girl",816,817,818,819,820,821
"massakasama,donguri suzume,naga u,shashaki,donguri suzume,ergot,fkey,ohisashiburi,year 2025,1girl",822,823,824,825,826,827
"nekoya \(liu\),(ask \(askzy\)),[6 \(yuchae\)],(nekoume),[[kawacy]],(yajuu),((rune \(dualhart\))),[starshadowmagician],year 2025,1girl",828,829,830,831,832,833
"piromizu,[kaede \(sayappa\)],reoen,sencha \(senchat\),[dishwasher1910],[[ask \(askzy\)]],[[As109]],(damda),1girl",834,835,836,837,838,839
"saiguchi otoufu,[refeia],(whoosaku),[nadegata],(hito komoru),[[anmi]],[[reddizen]],((necomi)),year 2025,1girl",840,841,842,843,844,845
"sigm@,[[katsuobushi \(eba games\)]],(amezawa koma),[uenomigi],(qosic),((kim eb)),(e.o.),(ini \(inunabe00\)),year 2025,1girl",846,847,848,849,850,851
"tunamayo \(dsasd751\),[[cocozasa]],mr.lime,[ido \(teketeke\)],((jyt)),[[toosaka asagi]],((mochizuki shiina)),(kame \(kamepan44231\)),year 2025,1girl",852,853,854,855,856,857
"yunamaro,fuzichoco,nekotoufu,rinotuna,rariatto \(ganguri\),xinzoruo,hekiga \(freelot\),fuya \(tempupupu\),year 2025,1girl,",858,859,860,861,862,863
"kokaki mumose,tianliang duohe fangdongye,risui \(suzu rks\),mochirong,sora 72-iro,year 2025,1girl",864,865,866,867,868,869
"kokaki mumose,tianliang duohe fangdongye,risui \(suzu rks\),mochirong,sora 72-iro,jill 07km,houkisei,year 2025,1girl",870,871,872,873,874,875
"[[tianliang duohe fangdongye]],((mikozin)),(((daizu))),[[[kani-biimu]]],[[matanukinuki]],[kanikama],1girl,",876,877,878,879,880,881
"[qys3],[sincos],Mika,[As109],1girl",882,883,884,885,886,887
"[yoneyama mai],hxxg,1girl",888,889,890,891,892,893
"[modare],(kouyafu),gawako,ciloranko,ogipote,1girl,",894,895,896,897,898,899
"[yumenouchi chiharu],sakura \(39ra\),(naga u,tyakomes),henreader,baku-p,daizu \(melon-lemon\),year 2025,1girl",900,901,902,903,904,905
"(((((healthyman)))))::((((iuui)))),((atte nanakusa)),(((wagashi \(dagashiya\)))),((quasarcake)),(((loliconder))),(((((tianliang duohe fangdongye)))))::((((meinoss)))),((onono imoko)),1girl",906,907,908,909,910,911
"((minaba hideo)),[watao],1girl",912,913,914,915,916,917
"((miyuki \(miyuki0529\))),(((nekonyan))),1girl,",918,919,920,921,922,923
"((miyuki \(miyuki0529\))),(((x))),(band-width),[[e10]],1girl",924,925,926,927,928,929
"((miyuki \(miyuki0529\))),((tooo)),1girl",930,931,932,933,934,935
"((tamanoi peromekuri)),[color scheme:onono imoko],1girl",936,937,938,939,940,941
"1girl,((ciloranko,rella)),mx2j,((((ask \(askzy\))))),kobuichi,(atdan),(((torino aqua))),tinker bell,ningen mame,[[[kedama milk]]],(necomi),anmi,wanke,wasabi \(sekai\),ru zhai,fujiyama,dsmile,narduck,hiten \(hitenkei\),modare],[[fuzichoco]],[[[[mignon,kimishima ao]]]],",942,943,944,945,946,947
"((Ishike)),[Mizumizuni],[[kankan33333]],kedama milk,(muk monsieur),(onono imoko,fkey],1girl",948,949,950,951,952,953
"((suitenan,miraa \(chikurin\))),isshi pyuma,s16xue,kase daiki,meion,1girl",954,955,956,957,958,959
"gomzi,hiten,na tarapisu153,1girl",960,961,962,963,964,965
"(simao \(x x36131422\)),sorairo len,toshizou \(0714\),icomochi,1girl",966,967,968,969,970,971
"(toshizou \(0714\)),[[jyt]],[[misaka 12003-gou]],1girl",972,973,974,975,976,977
"(hitomaru),[sy4,dango \(uni 520\)],[[nagishiro mito]],[[[[Ishikei]]]],1girl",978,979,980,981,982,983
"(hitomaru),[sy4,dango \(uni 520\)],year 2025,1girl,",984,985,986,987,988,989
"1girl,(Kyokucho),((hiro \(dismaless\),yoneyama mai,tianliang duohe fangdongye)),hitomaru,[onono imoko],",990,991,992,993,994,995
"(remsrar),[[cogecha]],[lineart],[[[meyoco]]],year 2025,1girl",996,997,998,999,1000,1001
"yuzuna99,(yokochou),[alp,bai lao shu],[[kedama milk,tianliang duohe fangdongye]],year 2025,1girl",1002,1003,1004,1005,1006,1007
"nopossumachine,[amonitto],1girl",1008,1009,1010,1011,1012,1013
"[[namie]],aspara,((tabi \(tabisumika\))),[[[[ao+beni]]]],ayul \(ayulneri 92\),(norizc),[yokochou],(((rin31153336))),(((migolu))),sho (sho lwlw),year 2025,",1014,1015,1016,1017,1018,1019
"incase,deyui,fkey,kedama milk,year 2025,",1020,1021,1022,1023,1024,1025
"ask\(askzy\),ciloranko,cui \(jidanhaidaitang\),kuzuvine,miv4t,nixeu,",1026,1027,1028,1029,1030,1031
"[[as109,wlop]],WANKE,[ciloranko],[[hiten]],K-SUWABE,((WANKE)),((mamimi)),\(dnd,fantasy,medieval\),OKAZU,(1girl),solo,cowboy shot,official alternate costume,offcial art",1032,1033,1034,1035,1036,1037
"[kedama milk],[ask \(askzy\)],wanke,[ATDAN],ciloranko,[[rhasta]],[tidsean],[ke-ta],((chiaroscuro)),[as109]],[sho \(sho lwlw\)]],wlop,",1038,1039,1040,1041,1042,1043
"(miv4t),((konya karasue)),rella,[[[quasarcake]]],fajyobore ,[[[[[skyrick9413]]]]],[[ask \(askzy\)]],",1044,1045,1046,1047,1048,1049
"(((happoubi jin))),((gawako,yoneyama mai)),[[sawkm,chen bin,as109,kase daiki,hitomaru]],",1050,1051,1052,1053,1054,1055
"ru zhai,da mao banlangen,omone hokoma agm,",1056,1057,1058,1059,1060,1061
"[ciloranko],kazutake hazano,[kedama milk],[ask \(askzy\)],",1062,1063,1064,1065,1066,1067
"[[ATDAN]],[[zhibuji loom]],[mignon],[[[ask]]],[ciloranko],",1068,1069,1070,1071,1072,1073
"((choco \(chocolate shop\))),fuzichoco,minaba hideo,",1074,1075,1076,1077,1078,1079
"((Fuumi)),((Tama)),((Shirabi)),(((Sayori))),(Ichihi),",1080,1081,1082,1083,1084,1085
"[agm],[as109],",1086,1087,1088,1089,1090,1091
"[agm],[miv4t],",1092,1093,1094,1095,1096,1097
"(shoshika8888888),(icomochi),[da mao banlangen],kurarome,",1098,1099,1100,1101,1102,1103
"[[as109]],[onineko],[[[ke-ta]]],[[alpha \(alpha91\)]],",1104,1105,1106,1107,1108,1109
"[[shanyao jiang tororo]],[[haneru]],[[himitsu \(hi mi tsu 2\)]],[[onineko]],[[as109]],",1110,1111,1112,1113,1114,1115
"[[(onineko),chen bin]],",1116,1117,1118,1119,1120,1121
"asakai mocchinu,monikano,hakaba \(dairiseki\),",1122,1123,1124,1125,1126,1127
"[[rei\(sanbonzakura\),mika pikazo]],shion\(mirudakemann\),[[cogecha]],ryou\(ryoutarou\),year 2025,",1128,1129,1130,1131,1132,1133
"[[cogecha]],ryou\(ryoutarou\),year 2025,",1134,1135,1136,1137,1138,1139
"[[yoneyama mai]],[[cutesexyrobutts]],[[[[ke-ta]]]],year 2025,",1140,1141,1142,1143,1144,1145
"((zuizi)),taitai,chen bin),[tianliang duohe fangdongye],",1146,1147,1148,1149,1150,1151
"(shironekoban),(hidulume),meunhongcha,",1152,1153,1154,1155,1156,1157
"jonylaser,kazuhiro \(tiramisu\),",1158,1159,1160,1161,1162,1163
"((shengtian,nopetroto)),",1164,1165,1166,1167,1168,1169
"[onineko],[ke-ta],[[shanyao jiang tororo]],",1170,1171,1172,1173,1174,1175
"((icomochi)),(namiorii),",1176,1177,1178,1179,1180,1181
"(icomochi),[darklux],",1182,1183,1184,1185,1186,1187
"((blue archive official art )),[[[jyt]]],((rotroto)),",1188,1189,1190,1191,1192,1193
"[jyt],namagome negi,hayana neru,",1194,1195,1196,1197,1198,1199
"hayana neru,shimejinameko,",1200,1201,1202,1203,1204,1205
"lam \(ramdayo\),mika pikazo,freng,",1206,1207,1208,1209,1210,1211
"[Quetzalli],[miv4t],",1212,1213,1214,1215,1216,1217
"cierra \(ra-bit\),artistask \(askzy\),gomzi,you shimizu,demizu posuka,asakuraf,",1218,1219,1220,1221,1222,1223
"[yushe quetzalli],[onineko],[ciloranko],[neco],",1224,1225,1226,1227,1228,1229
"(qys3),hiten,[ciloranko],[[wlop]],",1230,1231,1232,1233,1234,1235
"[neco],[onineko],[hiten],",1236,1237,1238,1239,1240,1241
"[hiten],[mignon],[riri],[weri],[rurudo],",1242,1243,1244,1245,1246,1247
"sciamano240,(pukara),noah \(tettsui-sole\),(binggong asylum),",1248,1249,1250,1251,1252,1253
"((ke-ta),(onono imoko),OlchaS,ask \(askzy\)),",1254,1255,1256,1257,1258,1259
"(hiten \(hitenkei\)),ciloranko,[[liduke]],[[wlop]],toosaka asagi,ke-ta,[[ask \(askzy\)]],torino,(chen bin),year 2025,",1260,1261,1262,1263,1264,1265
"kidmo,((agoto)),",1266,1267,1268,1269,1270,1271
"[melon22],(((kincora))),yoneyama mai,[alchemaniac],((batako,38)),kunaboto,elun \(meido\),year 2025,",1272,1273,1274,1275,1276,1277
"[yoneyama mai],[mika pikazo],[[ciloranko]],[sho \(sho lwlw\)],",1278,1279,1280,1281,1282,1283
"(minaba hideo),ningen mame,[tianliang duohe fangdongye],rokita,[[bee \(deadflow\)]],mignon,",1284,1285,1286,1287,1288,1289
"(rei \(sanbonzakura\),ciloranko,akizero1510),[as109],lam \(ramdayo\),ningen mame,[ask\(askzy\)],puuzaki puuna,[maccha \(mochancc\)],[wlop],[henreader],",1290,1291,1292,1293,1294,1295
"[akizero1510],kakure eria,rei \(sanbonzakura\),mochi \(circle rin\),karasu raven,",1296,1297,1298,1299,1300,1301
"ningen mame,[kedama milk],[sho \(sho lwlw\)],[ask \(askzy\)],wanke,[[tianliang duohe fangdongye]],[wlop],kousaki ruri,year 2025,",1302,1303,1304,1305,1306,1307
"(kousaki ruri),ningen mame,fumio \(rsqkr\),[sho \(sho lwlw\)],[ask \(askzy\)],wanke,[[tianliang duohe fangdongye]],[wlop],year 2025,",1308,1309,1310,1311,1312,1313
"[kedama milk],[ask \(askzy\)],wanke,[wlop],(atdan),kousaki ruri,(haneru),(torino aqua),year 2025,",1314,1315,1316,1317,1318,1319
"[kedama milk],mika pikazo,ciloranko,akizero1510,kukka,ask\(askzy\),wlop,[omone hokoma agm],year 2025,",1320,1321,1322,1323,1324,1325
"[ningen mame],mochizuki kei,kedama milk,namie,huanxiang heitu,liduke,year 2025,",1326,1327,1328,1329,1330,1331
"sheya,ask\(askzy\),hoji\(hooooooooji1029\),year 2025,",1332,1333,1334,1335,1336,1337
"[ningen mame],chen bin,omone hokoma agm,kinhasu,rella,konya karasue,fuzichoco,[[[tianliang duohe fangdongye]]],wlop,",1338,1339,1340,1341,1342,1343
"ru zhai,[ningen mame],chen bin,kinhasu,rella,konya karasue,fuzichoco,[[[tianliang duohe fangdongye]]],",1344,1345,1346,1347,1348,1349
"(kousaki ruri),[kedama milk],[ask \(askzy\)],wanke,[ATDAN],ciloranko,[[rhasta]],[tidsean],[ke-ta],[as109]],[sho \(sho lwlw\)]],wlop,year 2025,",1350,1351,1352,1353,1354,1355
"ru zhai,(kousaki ruri),ningen mame,[[momoko\(momopoco\)]],(creayus),kawacy,[[wlop]],year 2025,",1356,1357,1358,1359,1360,1361
"phantom ix row,akakura,beni shake,ningen mame,[[[tianliang duohe fangdongye]]],chen bin,sy4,",1362,1363,1364,1365,1366,1367
"enkyo yuuichirou,infukun,toosaka asagi,kinhasu,[[fuzichoco]],kedama milk,[[wlop]],",1368,1369,1370,1371,1372,1373
"refeia,toi8,yuuji \(and\),[[As109]],ask\(askzy\),ciloranko,year 2025,",1374,1375,1376,1377,1378,1379
"onineko,[ikeuchi tanuma],ningen mame,[[As109]],ask\(askzy\),ciloranko,year 2025,",1380,1381,1382,1383,1384,1385
"ningen mame,[ciloranko],[[binggong asylum]],asakuraf,[[shexyo]],[wlop],year 2025,",1386,1387,1388,1389,1390,1391
"(kousaki ruri),ningen mame,[enkyo yuuichirou],[phantom ix row],ask\(askzy\),[tianliang duohe fangdongye],year 2025,",1392,1393,1394,1395,1396,1397
"phantom ix row,wanke,akakura,[wlop],ciloranko,year 2025,",1398,1399,1400,1401,1402,1403
"Jonpei,[sho \(sho lwlw\)],",1404,1405,1406,1407,1408,1409
"[ciloranko],(((minaba hideo))),(demizu posuka),(shion\(mirudakemann\)),(yoshida akihiko),(ask \(askzy\)),year 2025,",1410,1411,1412,1413,1414,1415
"kaamin \(mariarose753\),milk panda,",1416,1417,1418,1419,1420,1421
"chen bin,icecake,[qizhu],[onineko],[anmi],kedama milk,(wlop),tianliang duohe fangdongye,ke-ta,rei \(sanbonzakura\),",1422,1423,1424,1425,1426,1427
"((quasarcake)),(((ciloranko))),year 2025,",1428,1429,1430,1431,1432,1433
"(((wlop))),(quasarcake),(ningen mame),(osakana \(osakanagazoubot\)),year 2025,",1434,1435,1436,1437,1438,1439
"(((wang xi))),reeh \(yukuri130\),(( wanke)),(( kinta \(distortion\))),((rei \(sanbonzakura\))),[ask \(askzy\)],[[modare]],year 2025,",1440,1441,1442,1443,1444,1445
"Kidmo,reoen,",1446,1447,1448,1449,1450,1451
"zhibuji loom,((rei \(sanbonzakura\))),(( kinta \(distortion\))),(((wang xi))),",1452,1453,1454,1455,1456,1457
"[kedama milk],[ask \(askzy\)],wanke,wlop,[ATDAN],ciloranko,[[rhasta]],[tidsean],[ke-ta],((chiaroscuro)),[as109]],[sho \(sho lwlw\)],",1458,1459,1460,1461,1462,1463
"[ningen mame],[[ciloranko]],[[binggong asylum]],[[omone hokoma agm]],[[[misaki12003]]],[sho \(sho lwlw\)],[[ask \(askzy\)]],[[tianliang duohe fangdongye]],[[rhasta]],",1464,1465,1466,1467,1468,1469
"hougu souji,yonchan,kitada mo,[ask\(askzy\)],[sy4],",1470,1471,1472,1473,1474,1475
"kitada mo,umezawa itte,wenquangua,ask\(askzy\),dokuro deluxe,",1476,1477,1478,1479,1480,1481
"anmi,shanyao jiang tororo,csyday,[ask\(askzy\)],[[rei \(sanbonzakura\)]],year 2025,",1482,1483,1484,1485,1486,1487
"mimoza \(96mimo414\),rei \(sanbonzakura\),mochi \(circle rin\),[rhasta,yonchan,watao],[minaba hideo],",1488,1489,1490,1491,1492,1493
"bacius,fishine,nonco,zhibuji loom,ask\(askzy\),ireading,karasu raven,",1494,1495,1496,1497,1498,1499
"shirable shiki,bacius,sy4,fishine,pigeon666,nonco,zhibuji loom,ask\(askzy\),ireading,karasu raven,",1500,1501,1502,1503,1504,1505
"maiqo,ask\(askzy\),beijuu,simao \(x x36131422\),yoneyama mai,jacknife,",1506,1507,1508,1509,1510,1511
"bukurote,you guo chaocai,yumenouchi chiharu,",1512,1513,1514,1515,1516,1517
"douya \(233\),akizero1510,[lam \(ramdayo\)],fishine,[ask\(askzy\)],puuzaki puuna,karasu raven,[maccha \(mochancc\)],[henreader],",1518,1519,1520,1521,1522,1523
"fenrir \(fenriluuu\),ask\(askzy\),[beijuu],tianliang duohe fangdongye,simao \(x x36131422\),[yoneyama mai],kedama milk,",1524,1525,1526,1527,1528,1529
"minaba hideo,rei \(sanbonzakura\),mika pikazo,[alchemaniac],[[yoneyama mai]],",1530,1531,1532,1533,1534,1535
"timbougami,gorgeous mushroom,kawacy,songjikyo,",1536,1537,1538,1539,1540,1541
"akizero1510,ireading,[alchemaniac],[[[wlop]]],[yaegashi nan],aka kan,",1542,1543,1544,1545,1546,1547
"dm \(dai miao\),songjikyo,[[shisantian]],yamakawa,[kedama milk],ttosom,",1548,1549,1550,1551,1552,1553
"rororogi mogera,[KuroBlood,bukurote],timbougami,[[tianliang duohe fangdongye]],[ideolo],",1554,1555,1556,1557,1558,1559
"nababa,[KuroBlood,sencha \(senchat\)],timbougami,[[maccha \(mochancc\)]],[alchemaniac],",1560,1561,1562,1563,1564,1565
"((butterchalk,pumpkinspicelatte,modare,bee \(deadflow\))),",1566,1567,1568,1569,1570,1571
"ruton-niki,[yoneyama mai],hxxg,",1572,1573,1574,1575,1576,1577
"((deyui,mikozin)),[jyt],40hara,[[gusha s]],((chen bin)),year 2025,",1578,1579,1580,1581,1582,1583
"kaede \(sayappa\),[[wlop]],[[[kase daiki]]],jima,[sheya],[[ciloranko]],[[[toosaka asagi]]],[[[tianliang duohe fangdongye]]],henreader,year 2025,",1584,1585,1586,1587,1588,1589
"akino ell,[memekko],[paraffin],mankai kaika,(miwabe sakura),[miyase mahiro],[[ebihara beniko]],year 2025,",1590,1591,1592,1593,1594,1595
"[tidsean],gomzi ,fajyobore,[wlop,reoen],[[tianliang duohe fangdongye]],[[rhasta]],year 2025,",1596,1597,1598,1599,1600,1601
"[ningen mame],ciloranko,[sho \(sho lwlw\)],[[as109]],wlop,",1602,1603,1604,1605,1606,1607
"[[wlop]],WANKE,[ciloranko],",1608,1609,1610,1611,1612,1613
"(amazuyu tatsuki,shiro9jira),ciloranko,ask \(askzy\),novelace,(wlop,reoen),(alphonse \(white datura\)),miv4t,[[tianliang duohe fangdongye]],year 2025,",1614,1615,1616,1617,1618,1619
"[kedama milk],mika pikazo,(wlop,reoen),happoubi jin,[[As109]],year 2025,",1620,1621,1622,1623,1624,1625
"[kedama milk],(wlop,reoen),[[As109]],",1626,1627,1628,1629,1630,1631
"[kedama milk],mika pikazo,(wlop,reoen),",1632,1633,1634,1635,1636,1637
"[kedama milk],mika pikazo,(wlop,reoen),happobi jin,[[As109]],year 2025,",1638,1639,1640,1641,1642,1643
"wlop,aki99,[[((mochizuki kei)),[[[as109]]],((asakuraf)),shion\(mirudakemann\)]],",1644,1645,1646,1647,1648,1649
"hyperrealistic,ask \(askzy\),[[[wlop]]],",1650,1651,1652,1653,1654,1655
"((((hyperrealistic)))),asciamano240,[[[wlop]]],",1656,1657,1658,1659,1660,1661
"(((gomzi))),[[[[wlop]]]],1girl,",1662,1663,1664,1665,1666,1667
"wlop,[[dino \(dinoartforame\)]],[[[as109]]],ciloranko,1girl",1668,1669,1670,1671,1672,1673
"agm,houkisei,wlop,",1674,1675,1676,1677,1678,1679
"[ZED],[wlop],[AGM],[onineko],",1680,1681,1682,1683,1684,1685
"((carbon12th)),(ayagi daifuku),(alphonse \(white datura\)),wlop,",1686,1687,1688,1689,1690,1691
"(ribiadan),[ciloranko],mikaze oto,[wlop],",1692,1693,1694,1695,1696,1697
"[wlop],ciloranko,[[usashiro mani]],[[[[as109]]]],",1698,1699,1700,1701,1702,1703
"[[((mochizuki kei)),[[[as109,wlop]]],((asakuraf)),shion\(mirudakemann\)]],",1704,1705,1706,1707,1708,1709
"[kedama milk],[mika pikazo],[wlop],ke-ta,[As109],phtharticpaul,year 2025,",1710,1711,1712,1713,1714,1715
"(wlop,reoen),[kedama milk],momoco,ke-ta,40hara,[As109],Torino,ask\(askzy\),ciloranko,[sho \(sho lwlw\)],wlop,[Rella],[omone hokoma agm],",1716,1717,1718,1719,1720,1721
"[kedama milk],[wlop],ke-ta,[ciloranko],[As109],year 2025,",1722,1723,1724,1725,1726,1727
"ask\(askzy\),[[wlop],ciloranko],As109,",1728,1729,1730,1731,1732,1733
"[40hara,kedama milk],mika pikazo,(wlop,reoen),happoubi jin,",1734,1735,1736,1737,1738,1739
"[ningenmame],ciloranko,[[[wlop]]],[[rhasta]],[As109]",1740,1741,1742,1743,1744,1745
"[wlop],[[as109]],Ito Junji,",1746,1747,1748,1749,1750,1751
"[[as109,wlop]],WANKE,ke-ta,akakura,Mika,[ciloranko],[[hiten]],",1752,1753,1754,1755,1756,1757
"(atsuage \(kakinop\)),mika pikazo,(wlop,reoen,tianliang duohe fangdongye),[ask \(askzy\)],[kantoku],year 2025,",1758,1759,1760,1761,1762,1763
"mikaze oto,[kedama milk],[ask \(askzy\)],wanke,wlop,",1764,1765,1766,1767,1768,1769
"(96),[tsujii ruki,sukja,takejun,kawacy,piromizu,rinotuna,zantyarz],wlop,",1770,1771,1772,1773,1774,1775
"chen bin,wlop,[kedama milk],momoco,ke-ta,40hara,[As109],Torino,ask\(askzy\),ciloranko,[sho \(sho lwlw\)],[Rella],[omone hokoma agm],",1776,1777,1778,1779,1780,1781
"(( yoneyama mai)),( ciloranko),[dino \(dinoartforame\)],(saitou natsuki),ayul \(ayulneri 92\),[wlop],fujiyama,year 2025,",1782,1783,1784,1785,1786,1787
"wan ke,[ciloranko],[hiten],[[modare]],[[wlop]],",1788,1789,1790,1791,1792,1793
"[[wlop]],WANKE,[ciloranko],[hiten],",1794,1795,1796,1797,1798,1799
"[mika pikazo],[ciloranko],kazutake hazano,[kedama milk],[ask \(askzy\)],wanke,wlop,fujiyama,year 2025,",1800,1801,1802,1803,1804,1805
"[ciloranko],kazutake hazano,kedama milk,[ask \(askzy\)],wanke,wlop,fujiyama,artisit:yuyu \(yuyuworks\),hiten \(hitenkei\),atrisit:dishwasher1910,",1806,1807,1808,1809,1810,1811
"kazutake hazano,[ciloranko],[kedama milk],[ask \(askzy\)],wanke,wlop,fujiyama,year 2025,",1812,1813,1814,1815,1816,1817
"[kedama milk],mika pikazo,(wlop,reoen,tianliang duohe fangdongye),[ask \(askzy\)],[[As109]],year 2025,",1818,1819,1820,1821,1822,1823
"[kedama milk],mika pikazo,(wlop,reoen,tianliang duohe fangdongye),[ask \(askzy\)],[[kantoku]],year 2025,",1824,1825,1826,1827,1828,1829
"Cogecha,[ningen mame],(wlop),[sho \(sho lwlw\)],",1830,1831,1832,1833,1834,1835
"[ashima takumi],[[ciloranko]],[[wlop]],[[porforever]],(cierra \(ra-bit\)),year 2025,1girl",1836,1837,1838,1839,1840,1841
"((mafuyu)),(((mochi))),[[[wlop]]],1girl",1842,1843,1844,1845,1846,1847
"((mogumo,u u zan,ciloranko,miv4t,wlop)),[[fuzichoco]],((rella)),1girl",1848,1849,1850,1851,1852,1853
"kase daiki,(shuz),[wlop],1girl",1854,1855,1856,1857,1858,1859
"[ningen mame],ciloranko,[sho \(sho lwlw\)],[[tianliang duohe fangdongye]],[[rhasta]]",1860,1861,1862,1863,1864,1865
"[ningen mame],ciloranko,[sho \(sho lwlw\)],[[tianliang duohe fangdongye]],[rhasta],year 2025,",1866,1867,1868,1869,1870,1871
"[ningenmame],ciloranko,[sho\(sho lwlw\)],",1872,1873,1874,1875,1876,1877
"ciloranko,[sho \(sho lwlw\)],[[tianliang duohe fangdongye]],[[rhasta]],",1878,1879,1880,1881,1882,1883
"[ningen mame],ciloranko,[sho \(sho lwlw\)],[saintshiro],[[rhasta]],",1884,1885,1886,1887,1888,1889
"[[ciloranko]],[rhasta],tidsean,[ke-ta],((chiaroscuro)),[sho \(sho lwlw\)]],(ningen mame),",1890,1891,1892,1893,1894,1895
"((toosaka asagi)),[[ningen mame],ciloranko,[sho \(sho lwlw\)],[[tianliang duohe fangdongye]],[rhasta]],",1896,1897,1898,1899,1900,1901
"[ningen mame],ciloranko,[sho \(sho lwlw\)],[[tianliang duohe fangdongye]],[eip \(pepai\)],[rukako],[[[memmo]]],[[[[[hoshi \(snacherubi\)]]]]] ,[[[[[nibiiro shizuka]]]]],year 2025,",1902,1903,1904,1905,1906,1907
"ningen mame,ciloranko,[fuzichoco],[sho \(sho lwlw\)],[tianliang duohe fangdongye],as109,",1908,1909,1910,1911,1912,1913
"[[ningen mame]],ciloranko,noyu \(noyu23386566\),",1914,1915,1916,1917,1918,1919
"ratatatat74,((ciloranko)),[[[Rella]]],[[ask\(askzy\)]],[[harogen pabirion]],",1920,1921,1922,1923,1924,1925
"[[hiten]],[chen bin],[ningen mame],[sho \(sho lwlw\)],[[[tianliang duohe fangdongye]]],",1926,1927,1928,1929,1930,1931
"ningen mame,mika pikazo,(reoen,tianliang duohe fangdongye),[ask \(askzy\)],[kantoku],",1932,1933,1934,1935,1936,1937
"miyuki \(miyuki0529\),potg,rei \(sanbonzakura\),cierra \(ra-bit\),ask \(askzy\),gomzi,you shimizu,[ningen mame],ciloranko,year 2025,",1938,1939,1940,1941,1942,1943
"((kuzuvine)),[[[ciloranko]]],[[dino \(dinoartforame\)]],year 2025,",1944,1945,1946,1947,1948,1949
"[ningen mame,ciloranko,sho \(sho lwlw\),tianliang duohe fangdongye,alphonse \(white datura\),rei \(sanbonzakura\)],",1950,1951,1952,1953,1954,1955
"[[ningen mame]],ciloranko,noyu \(noyu23386566\),morikura en,",1956,1957,1958,1959,1960,1961
"[ningen mame],[ATDAN],ciloranko,[[rhasta]],tidsean,[,[ke-ta],ciloranko,((chiaroscuro)),[sho \(sho lwlw\)]],",1962,1963,1964,1965,1966,1967
"[ningen mame],ciloranko,tianliang duohe fangdongye,atdan,",1968,1969,1970,1971,1972,1973
"[ATDAN],ciloranko,[tidsean],[ke-ta],((chiaroscuro)),[as109]],[sho \(sho lwlw\)]],",1974,1975,1976,1977,1978,1979
"[ningenmame],ciloranko,[sho\(sho lwlw\)],[[tianliang duohe fangdongye]],[[rhasta]],[As109],",1980,1981,1982,1983,1984,1985
"ciloranko,tianliang duohe fangdongye,[[modare]],[sho \(sho lwlw\)],",1986,1987,1988,1989,1990,1991
"modare,ningen mame,[kedama milk],[mika pikazo],(shiroshi \(denpa eshidan\),wlop,tianliang duohe fangdongye),[ask \(askzy\)],[kantoku],year 2025,",1992,1993,1994,1995,1996,1997
"[sho \(sho lwlw\)],ciloranko,((pottsness)),[[onineko]],[[as109]],1girl",1998,1999,2000,2001,2002,2003
"(akakura),(kawacy),(ask\(askzy\)),(onineko),(ciloranko),1girl",2004,2005,2006,2007,2008,2009
"ciloranko,alphonse \(white datura\),ask \(askzy\),gomzi,you shimizu,year 2025,1girl",2010,2011,2012,2013,2014,2015
"kedama milk,rucaco,kanda done,[[chen bin]],[[[[mignon]]]],[ningen mame],[[[[anmi]]]],1girl",2016,2017,2018,2019,2020,2021
"(((shacho \(ko no ha\) ))),[[tianliang duohe fangdouye]],1girl",2022,2023,2024,2025,2026,2027
"[[tianliang duohe fangdongye]],[ningen mame],[[[mignon]]],a chiki,",2028,2029,2030,2031,2032,2033
"rokita,[[xinzoruo,eta,naga u]],ciloranko,ningen mame,[[as109]],",2034,2035,2036,2037,2038,2039
"((ciloranko,akizero1510)),[ask\(askzy\)],kedama milk,parsley-f,[maccha \(mochancc\)],[tianliang duohe fangdongye],[bee \(deadflow\)],(chen bin),[wlop],((henreader)),",2040,2041,2042,2043,2044,2045
"(rella),(ask\(askzy\)),(ningen mame),(ciloranko),(rei\(sanbonzakura\)),",2046,2047,2048,2049,2050,2051
"(((ask\(askzy\),sy4,ciloranko,akizero1510))),",2052,2053,2054,2055,2056,2057
"((chen bin),haneru),observerz,[wlop,nekojira],ciloranko,[sho \(sho lwlw\)],[[noyu \(noyu23386566\)],year 2025,",2058,2059,2060,2061,2062,2063
"[ningen mame],ciloranko,wlop,",2064,2065,2066,2067,2068,2069
"[wlop],ciloranko,year 2025,",2070,2071,2072,2073,2074,2075
"(amazuyu tatsuki,shiro9jira),ciloranko,ask (askzy),(wlop),[[tianliang duohe fangdongye]],year 2025,",2076,2077,2078,2079,2080,2081
"(akakura),kedama milk,ciloranko,[wlop],[[[onono imoko]]],",2082,2083,2084,2085,2086,2087
"ningen mame,rhasta,ask \(askzy\),[wlop],ciloranko,",2088,2089,2090,2091,2092,2093
"[wlop],ciloranko,ask\(askzy\),bison cangshu,(yunsang),[ningenmame],[sho\(sho lwlw\)],[rhasta],year 2025,",2094,2095,2096,2097,2098,2099
"shiratama \(shiratamaco\),[ningen mame],[[tianliang duohe fangdongye]],[shuz],[wlop],kase daiki,",2100,2101,2102,2103,2104,2105
"(((observerz))) ,wanke,mikaze oto,ciloranko,[sho \(sho lwlw\)],wlop,year 2025,",2106,2107,2108,2109,2110,2111
"(atsuage \(kakinop\)) mika pikazo,(wlop,reoen,tianliang duohe fangdongye),[ask \(askzy\)],[kantoku],year 2025,1girl",2112,2113,2114,2115,2116,2117
"[[[wlop]]],[mochizuki kei],ciloranko,shanyao jiang tororo,1girl",2118,2119,2120,2121,2122,2123
"[[[ningen mame]]],miyase mahiro,chen bin,[[[sho \(sho lwlw\)]]],[[[[ogipote]]]],[[[ciloranko]]],[cogecha],[wlop],year 2025,1girl",2124,2125,2126,2127,2128,2129
"hxxg,(pigeon666),[ciloranko,wlop],[ask \(askzy\)],(redi \(rasec asdjh\)),wanke,1girl",2130,2131,2132,2133,2134,2135
"kaede \(sayappa\),[[wlop]],[[[kase daiki]]],jima,[sheya],[[ciloranko]],[[[toosaka asagi]]],[[[tianliang duohe fangdongye]]],henreader,1girl",2136,2137,2138,2139,2140,2141
"kedama milk,((( akarura))),[wlop],[ask \(askzy\)],wanke ,ciloranko,",2142,2143,2144,2145,2146,2147
"(kousaki ruri),[wlop],ciloranko,year 2025,",2148,2149,2150,2151,2152,2153
"shuri \(84k\),ATDAN,chen bin,[ningen mame],[[wlop]],(sarcophage,tsubasa tsubasa,),modare,hiten \(hitenkei\)",2154,2155,2156,2157,2158,2159
"[[wlop]],[ningen mame],[bilibili xiaolu],ciloranko,[[tianliang duohe fangdongye]],[hiten (hitenkei)],[[[bm tol]]],year 2025,",2160,2161,2162,2163,2164,2165
"wlop,40hara,[As109],Torino,ask\(askzy\),ciloranko,[sho \(sho lwlw\)],",2166,2167,2168,2169,2170,2171
"[[kedama milk],ishiyumi,[tianliang duohe fangdongye],poco\(asahi age\),mochizuki kei],",2172,2173,2174,2175,2176,2177
"((ogipote,bm tol)),[[yoneyama mai,ciloranko,blue-senpai,aikome \(haikome\)]],",2178,2179,2180,2181,2182,2183
"[[ttosom]],[shisantian],zuizi,[dino \(dinoartforame\),[fajyobore]],kaneko \(bblogtinhan\),xiujia yihuizi,",2184,2185,2186,2187,2188,2189
"[eip \(pepai\)],[rukako],[[[memmo]]],[[[[[hoshi \(snacherubi\)]]]]],[[[[[nibiiro shizuka]]]]],year 2025,",2190,2191,2192,2193,2194,2195
"[rei \(sanbonzakura\)],sho \(sho lwlw\)],",2196,2197,2198,2199,2200,2201
"tianliang duohe fangdongye,[[[tyakomes,shinapuu]]],",2202,2203,2204,2205,2206,2207
"(rurudo,cogecha,ask \(askzy\)),year 2025,",2208,2209,2210,2211,2212,2213
"(rosumerii),[ciloranko],[[ask \(askzy\)]],",2214,2215,2216,2217,2218,2219
"(shigure ui),[mika pikazo,fuzichoco,tianliang duohe fangdongye,modare,ningen mame],year 2025,",2220,2221,2222,2223,2224,2225
"((kishiyo)),[[ciloranko]],",2226,2227,2228,2229,2230,2231
"hiten,ao+beni,[marumoru],ciloranko,",2232,2233,2234,2235,2236,2237
"(sakura \(39ra\)),[[tyakomes],henreader,baku-p,daizu \(melon-lemon\),naga u,year 2025],",2238,2239,2240,2241,2242,2243
"[[piyodera mucha]],henreader,eufoniuz,year 2025,",2244,2245,2246,2247,2248,2249
"kazutake hazano,ningen mame,[kedama milk],[[wlop]],[[As109]],[[mika pikazo]],",2250,2251,2252,2253,2254,2255
"(tokkyu,beni shake),[ciloranko,gweda,mignon,binggong asylum,happoubi jin],",2256,2257,2258,2259,2260,2261
"kukka,ryou\(ryoutarou\),((kyockcho,alphonse\(white datura\),miyase mahiro,milk panda)),ask\(askzy\),",2262,2263,2264,2265,2266,2267
"mamimi\(mamamimi\),blade \(galaxist\),((fuzichoco,butterchalk,yoshinari you,mika pikazo)),",2268,2269,2270,2271,2272,2273
"((yago8 pp3,rella)),ciloranko,sheya,ishiyumi,fkey,tokkyu,infukun,",2274,2275,2276,2277,2278,2279
"(alphonse\(white datura\),ningen mame,xinzoruo,anmi,demizu posuka),[ikeuchi tanuma],",2280,2281,2282,2283,2284,2285
"(amazuyu tatsuki,hoji\(hooooooooji1029\),ishiyumi),",2286,2287,2288,2289,2290,2291
"(tidsean,kantoku,poco\(asahi age\),yago8 pp3,ningen mame),",2292,2293,2294,2295,2296,2297
"(musashi\(detks\),tomose shunsaku,momoko\(momopoco\),ishiyumi),",2298,2299,2300,2301,2302,2303
"(hoji\(hooooooooji1029\),kedama milk,akizero1510,kinhasu,hisona \(suaritesumi\)),",2304,2305,2306,2307,2308,2309
"(yuuji \(and\),namie,shion\(mirudakemann\),nanase nao,as109,yuuhagi \(amaretto-no-natsu\)),",2310,2311,2312,2313,2314,2315
"(ishikei,ryou\(ryoutarou\),yuuhagi \(amaretto-no-natsu\),refeia,cierra\(ra-bit\)),",2316,2317,2318,2319,2320,2321
"(miyase mahiro,creayus,binggong asylum,demizu posuka,namie,cui \(jidanhaidaitang\)),",2322,2323,2324,2325,2326,2327
"(mandrill,miv4t,rebecca \(keinelove\),missile228,akakura),",2328,2329,2330,2331,2332,2333
"((((nababa)))),(onono imoko),mika pikazo,fkey,(((torino))),(((((suzumi \(ccroquette\))))))),wlop,((((ask \(askzy\))))),[[as109]],((((rei \(sanbonzakura\))))),(mignon),(((jonpei))),[(reoen)),modare,((chiaroscuro)),year 2025",2334,2335,2336,2337,2338,2339
"(kaamin \(mariarose753\),sy4,meito \(maze\),cierra\(ra-bit\),shexyo),",2340,2341,2342,2343,2344,2345
"([[sho \(sho lwlw\),as109]],nanase nao,hisona \(suaritesumi\),qtonagi,katahira masashi,((chen bin))),",2346,2347,2348,2349,2350,2351
"(nixeu,momoko\(momopoco\),yoshinari you,itomugi-kun,fujima takuya),",2352,2353,2354,2355,2356,2357
"(kaamin \(mariarose753\),sy4,meito \(maze\),cierra\(ra-bit\),shexyo,toi8),",2358,2359,2360,2361,2362,2363
"null \(nyanpyoun\),yuuji \(and\),meion,kani biimu,mamimi\(mamamimi\),hiten \(hitenkei\),",2364,2365,2366,2367,2368,2369
"((cui \(jidanhaidaitang\),katahira masashi,tidsean,mika pikazo)),",2370,2371,2372,2373,2374,2375
"tokkyu,fujima takuya,ningen mame,hews,ikeuchi tanuma,",2376,2377,2378,2379,2380,2381
"momoko\(momopoco\),modare,yoneyama mai,nixeu,ask\(askzy\),",2382,2383,2384,2385,2386,2387
"((onineko,amazuyu tatsuki,rebecca \(keinelove\),namie,kaigen 1025)),",2388,2389,2390,2391,2392,2393
"ebifurya,fumio \(rsqkr\),kani biimu,sy4,",2394,2395,2396,2397,2398,2399
"nanashi \(nlo\),ask\(askzy\),yuuji \(and\),phantom ix row,lm7\(op-center\),mamimi \(mamamimi\),",2400,2401,2402,2403,2404,2405
"miv4t,you shimizu,infukun,toi8,ningen mame,sheya,wlop,",2406,2407,2408,2409,2410,2411
"milkychu,hoji\(hooooooooji1029\),yoshinari you,mika pikazo,wlop,",2412,2413,2414,2415,2416,2417
"kaamin \(mariarose753\),milk panda,ask\(askzy\),ikeuchi tanuma,kukka,",2418,2419,2420,2421,2422,2423
"piromizu,kuromiya,sho \(sho lwlw\),infukun,",2424,2425,2426,2427,2428,2429
"fkey,cutesexyrobutts,milk panda,mamimi\(mamamimi\),namie,milkychu,tokkyu,",2430,2431,2432,2433,2434,2435
"beni shake,kukka,alphonse\(white datura\),infukun,mika pikazo,",2436,2437,2438,2439,2440,2441
"hyouuma,wanke,nikorashi-ka,sofra,you shimizu,",2442,2443,2444,2445,2446,2447
"kukka,avogado6,hews,kawacy,sheya,xinzoruo,hyouuma,",2448,2449,2450,2451,2452,2453
"reoen,yago8 pp3,amazuyu tatsuki,phantom ix row,mika pikazo,",2454,2455,2456,2457,2458,2459
"as109,qtonagi,potg\(piotegu\),tony taka,null \(nyanpyoun\),itomugi-kun,",2460,2461,2462,2463,2464,2465
"((shion\(mirudakemann\))),[[misaka 12003-gou,cogecha,anmi,huanxiang heitu,fkey]],",2466,2467,2468,2469,2470,2471
"fuzichoco,amazuyu tatsuki,misaka 12003-gou,kaamin \(mariarose753\),as109,fkey,",2472,2473,2474,2475,2476,2477
"[[nanmokaken,butterchalk]],((yoneyama mai,miyo \(ranthath\),yoshinari you,potg\(piotegu\))),",2478,2479,2480,2481,2482,2483
"huanxiang heitu,tiv,sofra,nanashi \(nlo\),hisona \(suaritesumi\),",2484,2485,2486,2487,2488,2489
"tabi \(tabisumika\),[[[[ao+beni]]]],ayul \(ayulneri 92\),[yokochou],(rin31153336),(migolu),",2490,2491,2492,2493,2494,2495
"kousaki rui,[[daifuku mame \(kageroudt33\)]],chyoel,[[lpip]],koe \(mixpi\),[atdan],kaninn,year 2025,",2496,2497,2498,2499,2500,2501
"Yuzusoft,Senren Banka,",2502,2503,2504,2505,2506,2507
"render,c4d,photo-referenced,((((nendoroid)))),Handmade,3d,",2508,2509,2510,2511,2512,2513
"minimalism,((no lineart)),(((faceless))),simple background,blending,flat color,limited palette,",2514,2515,2516,2517,2518,2519
"(pixel art,Aaron Hain),",2520,2521,2522,2523,2524,2525
"(((pixel art))),((neon palette)),",2526,2527,2528,2529,2530,2531
"((((pixel art)))),[ashima takumi],[[ciloranko]],[[wlop]],cierra \(ra-bit\),[noyu \(noyu23386566\)],",2532,2533,2534,2535,2536,2537
"((ff gradient)),((limited palette)),high contrast,inverted colors,colorful,(Stunning composition),",2538,2539,2540,2541,2542,2543
"portrait,lineart,monochrome,black and white,",2544,2545,2546,2547,2548,2549
"greyscale,monochrome,silent comic,linear hatching,",2550,2551,2552,2553,2554,2555
"(((pixel art))),carpet,chair,indoors,((((isometric)))),light rays,plant,white background,",2556,2557,2558,2559,2560,2561
"((((((lineart)))))),nocolor,",2562,2563,2564,2565,2566,2567
"graphite \(medium\),((monochrome),),paper,art tools in frame,pencil,traditional media,",2568,2569,2570,2571,2572,2573
"((Multiple view)),wlop,[mochizuki kei],",2574,2575,2576,2577,2578,2579
"((quan \(kurisu tina\))),(portrait),upper body,close-up,year 2025,",2580,2581,2582,2583,2584,2585
"[[kamisato ayaka \(genshin\) cosplay]],no humans,[kedama milk],(wlop,reoen),[[As109]],((white cat)),hair ornament,furry,shy,nude,[[chibi]]",2586,2587,2588,2589,2590,2591
